大煮干丝,煮,初级入门,咸鲜味,清热解暑,<15分钟,干丝,香菇(干)/火腿/鸡/鸡胸脯肉/虾干,食盐/鸡汤/白胡椒粉,6步
蜂蜜萝卜泥,煮,,其它口味,养胃,,白萝卜,,长寿深山野蜜,2步
鸡蛋烧凉粉,炒,初中水平,酸辣味,防治贫血,<10分钟,绿豆淀粉,鸡蛋,食盐/姜/八角/花椒/生抽/米醋/水/辣椒酱/小葱/白糖,11步
无锡排骨,炖,初中水平,茄汁味,补肾,<60分钟,排骨,西红柿,葱/姜/蒜/八角/桂皮/生抽/老抽/番茄酱/黄酒/白糖/香叶/水/植物油,12步
四季烤麸,烧,,其它口味,降血脂,,香菇,,鸡精/生抽/老抽/水/发酵粉/黑木耳/苦菜/调和油/元贞糖,9步
鸡蛋豆苗汤,煲,,咸鲜味,利尿,,豌豆苗,,食盐/蒜/鸡蛋/调和油,1步
蒜爆鱼,其它工艺,初级入门,香辣味,明目,<15分钟,鲤鱼,,色拉油/食盐/酱油/花椒/干辣椒/料酒/米醋/大蒜/白糖,8步
四喜烤麸,烧,初中水平,咸鲜味,强身健体,<15分钟,黑木耳/干香菇/花生仁(生)/烤麸,干黄花菜,花生油/食盐/生抽/老抽/香油/白糖/水,14步
白汤鲫鱼,煮,初级入门,咸鲜味,明目,<30分钟,鲫鱼,冬笋/干香菇,色拉油/食盐/姜/细香葱/黄酒/鸡油,4步
西湖香菇豆腐羹,煲,,咸鲜味,降血脂,,香菇/毛豆腐/香肠,,,4步
火腿生菜丝炒饭,炒,,其它口味,明目,,米饭/鸡蛋/火腿,,咸菜,3步
豆豉南瓜排骨饭,拌,,香辣味,润肺,,猪大排,,南瓜/豆豉,3步
鸡肉青衣白菜包,其它工艺,,其它口味,明目,,金针菇/胡萝卜,,食盐/葱/姜/胡椒粉/元贞糖,5步
红烧狮子头,烧,初中水平,家常味,促发育,<60分钟,猪肉/藕,鸡蛋/淀粉/生菜,花生油/食盐/冰糖/姜/生抽/老抽/水淀粉/大葱/水,12步
炒腰花,炒,初级入门,咸鲜味,降糖,<10分钟,猪腰,尖椒/红尖椒,色拉油/食盐/酱油/醋/花椒/料酒/淀粉/胡椒粉,4步
红烧狮子头,烧,初中水平,咸鲜味,促发育,<60分钟,猪肉/藕,油菜/鸭蛋黄/鸡蛋清,食盐/葱/姜/八角/桂皮/料酒/生抽/老抽/淀粉/水淀粉/白糖/水,8步
西湖莼菜汤,其他工艺,新手尝试,其他口味,消食,<10分钟,莼菜,火腿/鸡胸脯肉,食盐/高汤,
香菇虾米肉饼,蒸,,咸鲜味,降血脂,,香菇/虾,,食盐/鸡粉/生抽/生粉/元贞糖,4步
煎葱饼,煎,,香辣味,安神,,面粉,,食盐/鸡蛋,2步
木耳香菇汤,煲,,咸鲜味,降血脂,,香菇/木耳菜,,圣女果/蛋皮/芝麻油,3步
香菇面筋,炒,初中水平,咸鲜味,储存热能,<15分钟,油面筋/香菇/油菜,,食盐/生抽/蚝油/香油/白糖/植物油,7步
甜酸鱼块,烧,,酸味,明目,,草鱼/胡萝卜,,番茄酱,3步
无锡肉骨头,烧,初级入门,酱香味,润肺,<60分钟,猪大排,,食盐/酱油/姜/八角/桂皮/料酒/糖桂花/白糖/小葱/红曲粉/植物油,4步
凉拌腰果卷心菜,其它工艺,,咸鲜味,抵抗力,,卷心菜/腰果,,食盐/味精/香菜/橄榄油/芝麻油,4步
南京盐水鸭胸,煮,初级入门,咸鲜味,,<30分钟,鸭胸脯肉,,食盐/葱/姜/八角/花椒/料酒/水,5步
辣味烤肠鸡蛋面,汆,,香辣味,抵抗力,,面条（生）/鸡蛋,,食盐/鸡精/小白菜,4步
酥火靠鲫鱼,烧,初中水平,酸甜味,降血压,<30分钟,鲫鱼,,食盐/酱油/姜/花椒/桂皮/料酒/香醋/白糖/茴香籽/小葱/植物油,3步
凉拌绿紫甘蓝,其它工艺,,咸鲜味,抗衰老,,紫甘蓝,,食盐/味精/卷心菜/芝麻油/橄榄油,3步
肉丝五香茶干炒花菜,炒,,五香味,明目,,胡萝卜/菜花,,食盐/鸡精/料酒/元贞糖,3步
松子鱼米,炸,初级入门,咸鲜味,补血,<15分钟,鳜鱼/猪肉,,食盐/葱/姜/料酒/植物油,2步
无锡酱排骨,烧,初中水平,酱香味,补肾,<60分钟,猪大排,,葱/姜/八角/桂皮/料酒/生抽/番茄酱/白芝麻/茴香籽/红糖/植物油,3步
三鲜芦笋,炒,初级入门,咸鲜味,降糖,<10分钟,芦笋/腊肠/虾仁,,色拉油/食盐/鸡精/葱/姜/淀粉/胡椒粉,2步
糖醋菠萝排骨,烧,,糖醋味,润肺,,猪大排,,白醋/白糖/芝麻/菠萝,4步
鲜虾咸肉豆腐煲,煲,,咸鲜味,,,咸肉,,料酒/干黄花菜/春笋,3步
红烧狮子头,烧,初中水平,咸鲜味,缓解溃疡,,五花肉,鸡蛋/荸荠,食盐/冰糖/葱/姜/生抽/老抽/蚝油/水淀粉/黄酒/植物油,8步
凉拌芹菜花生,其它工艺,,咸鲜味,养心,,芹菜/花生,,食盐/味精/胡萝卜/芝麻油,4步
笋烧橡皮鱼,炒,,其它口味,,,马面鱼,,春笋,3步
清汤鱼圆,煮,初级入门,咸鲜味,开胃,<10分钟,草鱼,,食盐/姜/淀粉/胡椒粉/植物油/鸡蛋清/葱白/水,6步
青团子,蒸,初中水平,甜味,缓解溃疡,<30分钟,糯米粉,豆沙,色拉油,8步
蒜茸莴笋叶,炒,,蒜香味,清热利尿,,莴笋叶,,生抽,3步
香芋烧鸭腿,烧,,酱香味,防癌,,鸭腿/芋头,,豆瓣酱/柿子椒,2步
焖河鳗,烧,初中水平,咸鲜味,减肥,<30分钟,鳗鱼,黑木耳/冬笋,食盐/酱油/冰糖/葱/姜/蒜/料酒/水淀粉/猪油(板油)/芝麻油/植物油/红曲粉/高汤/白糖,3步
腌笃鲜,炖,初中水平,咸鲜味,美容,<90分钟,春笋/咸肉/五花肉,豆腐皮,姜/小葱/高汤/黄酒,9步
梅菜扣鸡,其它工艺,,咸鲜味,消食,,梅菜/鸡肉,,食盐/生抽/老抽/元贞糖/调和油,7步
虾仁闷蛋,焖,,其它口味,,,虾仁/鸡蛋,,食盐/料酒/香菜/胡椒粉,3步
腌笃鲜,炖,初级入门,咸鲜味,美容,<90分钟,咸肉/五花肉/春笋,,小葱,2步
菊花青鱼,炸,初中水平,酸甜味,开胃,<15分钟,草鱼,,色拉油/食盐/葱/料酒/淀粉/水淀粉/蒜泥/芝麻油/番茄沙司/白醋/白糖/高汤,4步
青豆红萝卜鸡丁,其它工艺,,咸鲜味,,,鸡腿,,食盐/料酒/生抽/青豆/红萝卜/生粉,7步
山药煲猪尾,煲,,咸鲜味,,,猪尾巴/猪蹄/山药,,八角,2步
金陵丸子,焖,初中水平,咸鲜味,降血压,<60分钟,猪肉/虾仁/猪蹄筋,油菜,花生油/食盐/酱油/味精/葱/姜/料酒/淀粉/胡椒粉,3步
炸丸子,炸,初级入门,咸鲜味,美容,<15分钟,青萝卜/土豆,鸡蛋/面粉,食盐/姜,4步
香滑鸡丁,炒,,咸鲜味,,,鸡腿,,食盐/姜/生抽/蒜苔/红葱头/生粉/胡萝卜,6步
砂锅酸菜鱼,烧,,酸味,养胃,,鲢鱼,,食盐/葱/姜/料酒/淀粉,2步
蒜茸小白菜,炒,,蒜香味,美容,,小白菜,,生抽,3步
酱油嫩鸡,焖,初级入门,酱香味,抵抗力,<30分钟,鸡肉,,酱油/葱/姜/八角/桂皮/香油/黄酒/白砂糖/高汤,5步
毛豆烧鲻鱼,烧,,其它口味,排毒,,鲻鱼/毛豆,,,2步
凉拌皮肚,拌,新手尝试,咸鲜味,预防甲状腺,<5分钟,猪皮,香菜,食盐/米醋/香油/胡椒粉/白糖,2步
山寨牛肉粉丝,烧,,香辣味,,,粉丝,,,1步
腐乳汁肉,煨,初中水平,其它口味,清热去火,<2小时,五花肉/鸭肉,红曲粉,食盐/酱油/冰糖/姜/八角/桂皮/料酒/小葱,9步
西瓜皮海带排骨煲,煲,,咸鲜味,润肺,,猪大排/西瓜皮/海带,,食盐/料酒,2步
烧杂拌,烧,初级入门,咸鲜味,降糖,<60分钟,羊肉/白萝卜/肉丸/鱼丸/燕饺/鱼豆腐/鹌鹑蛋/鱿鱼(干)/腐竹/海带/莴笋/黑木耳/蘑菇/油菜/胡萝卜,,食盐/米醋/香油/水淀粉/胡椒粉,3步
蒜蓉烤肠拌木耳,烧,,蒜香味,减肥,,黑木耳,,食盐/生抽/黄瓜,2步
豌豆木耳炒鱼块,炒,,咸鲜味,开胃,,草鱼,,青豆/鸡蛋/柿子椒,4步
翡翠蹄筋,烧,初中水平,咸鲜味,调经,<30分钟,猪蹄筋/丝瓜,火腿/虾籽,食盐/蚕豆淀粉/猪油(板油)/水,9步
溧阳扎肝,炖,中级掌勺,五香味,排毒,<90分钟,猪小肠/五花肉/猪肝,笋干/油豆腐,食盐/冰糖/姜/八角/花椒/干辣椒/料酒/生抽/老抽/草果/陈皮/面粉,15步
香菇糙米饭,蒸,,咸鲜味,降糖,,糙米/干香菇,,食盐/味精/卷心菜/虾,3步
酸奶黄瓜虾,蒸,,奶香味,减肥,,黄瓜/海虾,,食盐/紫甘蓝/柠檬/南山益生菌酸奶,3步
冬菇笋炖老豆腐,炖,初级入门,咸鲜味,排毒,<60分钟,豆腐/冬笋/冬菇(干),鸡肉/火腿,食盐/酱油/料酒/水/猪油(板油),4步
酸黄瓜汉堡包,煎,,其它口味,安神,,面粉/酸萝卜,,食盐/鸡精/元贞糖/酵母粉/荷兰乳牛乳酪牛奶/虾皮,4步
清炖狮子头,炖,中级掌勺,咸鲜味,排毒,,五花肉,藕/油菜/鸡蛋/鞭笋,食盐/葱/姜/料酒/水淀粉/胡椒粉,12步
糯米肉嵌辣椒,拌,,其它口味,补血,,糯米/猪肉,,料酒/芝麻油,3步
醋熘鳜鱼,熘,初中水平,酸甜味,,<30分钟,鳜鱼,韭黄,花生油/酱油/醋/姜/蒜/料酒/香油/小葱/白砂糖/蚕豆淀粉,16步
拌饭,蒸,,咸鲜味,明目,,米饭/黄瓜,,酱油/葱/胡萝卜/红椒/花椒油/黑芝麻粉,4步
清鲜盐水虾,煮,中级掌勺,咸鲜味,补钙,<60分钟,对虾,,食盐/醋/葱/姜/八角/花椒/料酒,12步
蒜辣蔬菜煎,煎,,香辣味,明目,,茄子/胡萝卜/马铃薯丁(脱水),,蒜/柿子椒/红尖椒/胡椒粉,5步
莼菜汆塘鱼片,汆,初级入门,咸鲜味,明目,<15分钟,鲤鱼/莼菜,火腿,食盐/味精/料酒/小葱/鸡油/水/高汤,6步
丝瓜溜丸子,烧,,其它口味,美白,,丝瓜,,生抽/蚝油/淀粉/圣女果,5步
鸡头米虾仁,炒,初中水平,咸鲜味,降糖,<15分钟,芡实米(鲜)/基围虾,芦笋/鸡蛋清/姜/水淀粉,食盐/料酒/生抽/生粉,10步
鲜肉萝卜馅圆子,蒸,,其它口味,,,糯米粉/酸萝卜,,食盐/鸡精/葱/姜/料酒/香菇/元贞糖/五香粉,4步
红烧猪蹄,烧,,其它口味,养心,,猪蹄,,冰糖/姜/花椒/生抽/老抽,5步
五彩迷你粽子,蒸,,其它口味,,,糯米,,花生仁(炒)/赤小豆/小米/枣（鲜）/紫糯米,7步
蟹粉狮子头,煮,初中水平,咸鲜味,减肥,<60分钟,猪肉,蟹粉/生菜/卷心菜,色拉油/食盐/姜/料酒/淀粉/小葱/胡椒粉/猪油(板油),7步
麻辣小龙虾,烧,,麻辣味,强身健体,,小龙虾,,食盐/姜/花椒/元贞糖,2步
炝黄瓜卷,炝,,其它口味,减肥,,黄瓜,,,4步
无锡排骨,烧,初级入门,甜味,润肺,<2小时,猪大排,,冰糖/葱/姜/蒜/八角/桂皮/生抽/老抽/丁香/茴香/黄酒/腐乳汁,6步
伤级垢,蒸,初中水平,咸鲜味,降糖,<10分钟,豆腐,冬菇(干)/冬笋/火腿/鸡胸脯肉/油菜苔,食盐/味精/清汤,1步
干煸豆角,干煸,,其它口味,润肠,,豇豆,,食盐/蒜/生抽/调和油,4步
红豆冰棒,其它工艺,,其它口味,,,冰淇淋/淡奶油/白糖/水/奶粉/玉米淀粉,,,2步
法式黑麦面包,拌,,香辣味,抵抗力,,卷心菜,,食盐/生抽/剁椒,4步
八宝鼋鱼,其它工艺,初中水平,咸鲜味,美容,,甲鱼,糯米/莴笋/火腿/冬菇(干)/薏米/芡实米/蛋糕/青豆/虾,食盐/酱油/葱/姜/蒜/八角/桂皮/淀粉/黄酒/白糖/猪油(板油)/芝麻油/白胡椒,1步
文思豆腐,煮,初级入门,咸鲜味,排毒,<10分钟,南豆腐,彩椒,食盐/香油/水淀粉/细香葱/白糖,15步
肉丝毛豆冬瓜皮,烧,,其它口味,排毒,,毛豆/豆腐干,,食盐/鸡精/姜/蒜/料酒/元贞糖,2步
香肠炒彩丁,炒,,咸鲜味,安神,,farmer john香肠/西芹/红萝卜,,黑木耳/笋干,1步
烧鸭干丝,其它工艺,初级入门,咸鲜味,软化血管,<30分钟,豆腐干/烧鸭,,食盐/葱/姜/白酒,
干靠鱼,炒,初级入门,香辣味,降糖,<15分钟,鱼干,尖椒,色拉油/葱/姜/干辣椒/大蒜,9步
时蔬排骨汤,煲,,其它口味,润肺,,猪大排,,食盐/鸡精/料酒/红薯/山药/白果(干),4步
银芽黄鱼素翅,其它工艺,初级入门,咸鲜味,抗衰老,<60分钟,虾仁,粉丝/黄鱼,食盐/味精/淀粉,4步
牛奶炖蔬菜,炖,,咸鲜味,,,荷兰乳牛乳酪牛奶/燕麦片,,食盐/辣椒粉/调和油/水,4步
番茄火腿粉,拌,,茄汁味,,,番茄酱/火腿,,,3步
无锡排骨,炖,初级入门,其它口味,润肺,<60分钟,猪大排,,色拉油/食盐/姜/蒜/料酒/生抽/红曲粉/干贝素/小葱/白糖,3步
叉烧野鸡片,烤,初中水平,咸鲜味,抵抗力,<90分钟,鸡肉,,酱油/葱/姜/料酒/椒盐/猪油(板油)/清汤/白糖,13步
蒜苔鸭胗,炒,,蒜香味,润肠,,蒜苔/鸭胗,,食盐/鸡精/干辣椒/料酒,3步
炒扁豆丝,炒,,咸鲜味,减肥,,扁豆/蒜/柿子椒,,,2步
双菇炒鲜虾,炒,,咸鲜味,降糖,,草菇/香菇,,食盐/白糖/胡椒粉,4步
叉烧野鸡,烤,初中水平,咸鲜味,排毒,,野鸡肉/冬菜,冬笋/猪肉,花生油/酱油/姜/水淀粉/猪油(板油)/小葱/黄酒/白糖/椒盐/芝麻油,1步
苏式酱汁肉,焖,初级入门,酱香味,,<60分钟,五花肉,,食盐/冰糖/姜/八角/桂皮/红曲粉/葱白/黄酒,8步
三丝烩虾,烩,,其它口味,,,海虾,,柿子椒/洋葱/粉丝/胡椒粉,5步
炖家野,炖,初中水平,咸鲜味,排毒,,母鸡/野鸡肉,香菇/冬笋/淡菜/火腿/豌豆苗,食盐/姜/黄酒/鸡油,11步
木瓜焖鸭,焖,,其它口味,防癌,,木瓜,,食盐/姜/八角/老抽/陈皮/元贞糖/黄酒,3步
无锡排骨,烧,初级入门,酸甜味,润肺,<60分钟,猪大排,,色拉油/食盐/葱/姜/蒜/生抽/番茄酱/白糖,12步
节瓜鸡蛋汤,煲,,咸鲜味,,,节瓜,,食盐/姜/调和油,5步
八宝酿香瓜,蒸,初中水平,甜味,利尿消炎,<60分钟,香瓜/糯米,蜜枣/青梅/莲子/金桔/白果(干)/核桃(鲜),淀粉/猪油(板油)/白糖,1步
苹果青桔葡萄汁,煲,,咸鲜味,美容,,芋头/薏米,,粗盐,2步
黑豆花生浆,其它工艺,,其它口味,排毒,,花生/黑豆,,水/元贞糖,3步
叫花鸡,烤,初中水平,咸鲜味,降血脂,<90分钟,三黄鸡,香菇/红葱头/面粉,食盐/葱/姜/料酒/生抽/蚝油/白酒/荷叶/胡椒粉,25步
料烧鸭,烧,初级入门,咸鲜味,清热去火,<30分钟,鸭肉,冬笋,色拉油/花生油/食盐/酱油/味精/香醋/水淀粉/白糖/清汤,1步
三仙豆腐,其它工艺,,其它口味,美容,,毛豆腐/菠菜/胡萝卜/香菇/青豆,,食盐/胡椒粉/元贞糖,6步
凉拌甘蓝丝,其它工艺,,蒜香味,抗衰老,,紫甘蓝,,食盐/香菜,2步
扬州炒饭,炒,初级入门,咸鲜味,缓解溃疡,<10分钟,米饭/鸡蛋,虾米/干香菇/火腿/豌豆（煮）/玉米,色拉油/食盐/姜/小葱,12步
烤炖鸭子,蒸,初中水平,咸鲜味,降糖,,烧鸭,火腿/冬笋/冬菇(干),食盐/味精/葱/姜/黄酒/高汤,1步
蚂蚁上树,煲,,咸鲜味,润肺,,猪大排/莴笋,,,5步
猪肉包菜盒子,焖,,咸鲜味,补血,,玉米面(黄)/猪肉/卷心菜,,食盐/姜/生抽/蚝油/朝天椒/植物油,6步
网油卷,炸,,甜味,减肥,,面粉,豆沙,色拉油/白糖/猪油(板油),3步
清炖硕鸡,煮,初中水平,咸鲜味,清热去火,,鸭肉,火腿/冬菇(干),食盐/味精/葱/姜/黄酒,2步
奶白菜,其它工艺,,奶香味,,,奶白菜,,咸鸭蛋,2步
牛奶原味戚风,烤,,奶香味,,,鸡蛋,,,4步
双色鸡翅,烧,,葱香味,,,鸡翅/可乐,,食盐/鸡精/葱/姜/蒜/料酒/调和油/芝麻油/竹荪/生粉,6步
冬瓜排骨粥,煲,,其它口味,明目,,冬瓜/猪大排/米饭,,,2步
清蒸鸭饺,蒸,初中水平,咸鲜味,清热去火,,鸭肉,,食盐/酱油/冰糖/葱/姜/八角/黄酒,1步
地锅黑鱼,其它工艺,初中水平,咸鲜味,安神,<30分钟,乌鳢/面粉,,色拉油/食盐/葱/姜/蒜/八角/花椒/干辣椒/料酒/生抽/米醋/白酒/白糖,6步
茄子烧胡萝卜,烧,,其它口味,明目,,茄子/胡萝卜,,食盐/酱油/水淀粉/元贞糖,7步
肉末海带丝,炒,,葱香味,,,海带丝,,姜/蒜/柿子椒,4步
冬瓜鸡方,烧,初级入门,咸鲜味,防癌抗癌,<30分钟,鸡胸脯肉,冬瓜/莴笋/卷心菜/牛奶,食盐/味精/咖喱/黄酒/猪油(板油),6步
卤香菇,卤,初级入门,其它口味,排毒,<15分钟,香菇,油菜,色拉油/食盐/味精/姜/生抽/白糖/高汤/芝麻油/小葱,12步
灌蟹鱼圆,煮,初中水平,咸鲜味,美容,<30分钟,青鱼,春笋/蟹黄/黑木耳/火腿/猪肉/鸡蛋清/油菜苔,食盐/葱/姜/猪油(板油),14步
五彩鸡心,炒,,其它口味,安神,,鸡心,,食盐/鸡精/姜/料酒/老抽/元贞糖/胡椒粉,6步
巧克力草莓蛋糕,烤,,果味,,,元贞糖/lindt orange intense dark chocolate 橙子味黑巧克力/鸡蛋/玉米淀粉,,,6步
素三鲜,炒,初级入门,咸鲜味,美容,<15分钟,茭白/油面筋/干黄花菜,黑木耳/干香菇,色拉油/蚝油/淀粉/红烧汁,9步
糖醋活鲤鱼,炸,初中水平,酸甜味,明目,,鲤鱼,虾仁/青豆/梨,花生油/食盐/蒜/淀粉/番茄酱/白醋/白糖/黄酒,4步
山野菜飘香,烧,,酱香味,,,鸡蛋,,,5步
葡汁秋梨,其它工艺,,其它口味,开胃,,梨,,果汁,4步
扬州民间小菜,炒,新手尝试,香辣味,补血,<10分钟,萝卜缨(白),猪肉,色拉油/食盐/生抽/剁椒/白糖,4步
椒盐塘鱼片,炸,初级入门,咸鲜味,明目,<30分钟,鲤鱼,鸡蛋清/粳米(标一),食盐/味精/葱/淀粉/黄酒/白胡椒/椒盐,2步
煮蛋,煮,,其它口味,健脑益智,,鸡蛋,,,3步
大煮干丝,煮,初级入门,咸鲜味,软化血管,<30分钟,鸡胸脯肉/豆腐干,火腿/莴笋/虾干,高汤,8步
香肠腊肠大集合,其它工艺,,其它口味,,,香肠/farmer john香肠,,,2步
柠式苹果丁蛋炒饭,炒,,酸味,抗衰老,,鸡蛋/洋葱,,,3步
小笼汤包,蒸,初中水平,咸鲜味,防癌抗癌,<10分钟,面粉,饺子皮/猪肉/猪肉馅/猪皮,食盐/葱/姜/料酒/生抽/水/白糖,21步
白汁回鱼,焖,初中水平,椒麻味,美容,<60分钟,t鱼,春笋,食盐/葱/姜/黄酒/猪油(板油)/江米酒/高汤/白胡椒,2步
爆氽,炸,初中水平,咸鲜味,通便排毒,,青鱼,莴笋/冬菇(干),豆油/食盐/酱油/味精/葱/姜/清汤/黄酒,1步
芹菜炒鲜鱿,炒,,咸鲜味,安神,,芹菜,,,2步
鲜肉包菜卷,蒸,,其它口味,抵抗力,,卷心菜,,食盐/鸡精/蚝油/面粉/元贞糖/生粉/水/调和油,10步
香菇菜心,烧,初级入门,咸鲜味,缓解溃疡,<15分钟,香菇/油菜苔,,色拉油/食盐/蚝油/淀粉/白糖,9步
叉烧鳜鱼,烤,初级入门,咸鲜味,抗衰老,,鳜鱼,猪肉/冬菜/莴笋/鸡蛋,食盐/味精/葱/姜/淀粉/猪油(板油)/黄酒/椒盐/芝麻油,4步
肉馅酥饼,煎,,咸鲜味,安神,,面粉,,食盐/鸡精/姜/料酒/元贞糖/五香粉/芝麻/植物油/酵母(干)/鸡蛋,12步
青椒鸡丝,其它工艺,,咸鲜味,排毒,,金针菇,,,2步
油爆虾,爆,初级入门,咸鲜味,安神,<10分钟,河虾,,色拉油/食盐/葱/姜/料酒/白糖/高汤,8步
生麸肉圆,煮,初级入门,咸鲜味,清热去火,<30分钟,猪腿肉,水面筋,食盐/味精/葱/姜/淀粉/黄酒/白糖/水,1步
虾仁鸡茸苦瓜筒,烧,,其它口味,美容,,苦瓜/干贝素,,,3步
素炒金针菇,炒,,咸鲜味,明目,,柿子椒/胡萝卜/金针菇,,食盐/鸡精/蚝油/调和油/元贞糖,7步
镜箱豆腐,烧,初中水平,酸甜味,软化血管,<30分钟,豆腐/猪肉馅/虾,鸡蛋,色拉油/食盐/姜/料酒/老抽/蚝油/番茄酱/小葱/胡椒粉/白糖,14步
扁大枯酥,炸,初中水平,咸鲜味,开胃,,猪肉,豌豆苗/粳米(标一),色拉油/酱油/味精/葱/姜/料酒/清汤/绵白糖/猪油(板油),11步
芦蒿炒金针菇,炒,,咸鲜味,排毒,,藜蒿/金针菇,,,2步
丝瓜虾皮蛋花汤,煲,,其它口味,美白,,丝瓜/鸡蛋/虾皮,,食盐/鸡精/调和油/芝麻油,9步
鲍鱼鸡翼,焖,初中水平,咸鲜味,降血压,<15分钟,鲍鱼,鸡翅/卷心菜,色拉油/食盐/酱油/味精/葱/姜/料酒/水淀粉/白糖/高汤,3步
红烧狮子头,烧,初中水平,咸鲜味,缓解溃疡,<30分钟,猪肉馅,鸡蛋/淀粉/油菜苔,色拉油/食盐/冰糖/葱/姜/料酒/老抽/胡椒粉/白糖,9步
青椒芦笋,烧,,其它口味,防癌,,芦笋,,色拉油/食盐/葱/姜/蒜/柿子椒,9步
香橙鸡翅,煎,,果味,开胃,,橙,,食盐/酱油/鸡粉/料酒/元贞糖,4步
稀卤鲍鱼,卤,初级入门,咸鲜味,养胃,<2小时,鲍鱼,白萝卜,蒸鱼豉油,15步
麻油拌芦蒿,其它工艺,,其它口味,抵抗力,,藜蒿,,,3步
南瓜丝炒里脊,炒,,咸鲜味,补血,,嫩南瓜/猪里脊肉,,色拉油/食盐/葱/姜/蒜/料酒/生抽/淀粉/柿子椒,13步
盐水鸭,煮,初中水平,咸鲜味,利尿消肿,<30分钟,鸭腿,,食盐/姜/蒜/八角/花椒/小葱,7步
蒜泥肚丝,煮,初中水平,蒜香味,清热去火,,猪肚,花生（炒）/柿子椒/红椒,食盐/酱油/蒜/辣椒油/细香葱/白糖/花椒油/鲜味汁/芝麻油/陈醋,4步
双笋腌笃鲜,烧,,其它口味,开胃,,竹笋,,芦笋,3步
大煮干丝,煮,初级入门,咸鲜味,美容,<15分钟,豆腐干/鸡胸脯肉,香菇/冬笋/火腿/虾仁/小白菜/鸡架,食盐/鸡精/葱/姜/料酒,7步
水晶肴蹄,煮,初中水平,咸鲜味,养心,<2小时,猪蹄,,葱/姜/八角/花椒/料酒/粗盐/水,3步
十三香小龙虾,烧,,其它口味,,,龙虾/十三香,,食盐/葱/姜/蒜/料酒/柿子椒/胡椒粉/元贞糖,7步
三丁百叶包,蒸,,其它口味,降血脂,,香菇,,火腿/芹菜/牛肚,5步
奶香珍珠丸子,炸,,奶香味,清热解毒,,马铃薯丁(脱水),,金糕/元贞糖/奶粉/调和油,4步
莴苣烧肉圆,烧,,其它口味,通便排毒,,莴笋,,食盐/味精/葱/姜/胡椒粉,10步
茄汁鸡,干煸,初级入门,茄汁味,消食,<15分钟,鸡胸脯肉,,色拉油/食盐/酱油/味精/葱/姜/料酒/生抽/淀粉/番茄酱/白糖/芝麻,8步
香脆油爆虾,炸,初级入门,其它口味,安神,<10分钟,虾,,色拉油/食盐/味精/姜/白酒/白糖/小葱,10步
焖茄子,焖,,其它口味,抗衰老,,茄子,,食盐/味精/葱/姜/蒜/水淀粉/柿子椒/调和油/红椒/胡椒粉,12步
木耳鸡块,烧,,其它口味,,,鸡腿,,食盐/干辣椒/老抽/蚝油/胡萝卜,3步
啤酒鸭块汤,蒸,初级入门,咸鲜味,降糖,<60分钟,鸭肉,火腿/冬笋,食盐/葱/姜/啤酒/胡椒粉,2步
清炖兔子,炖,初级入门,咸鲜味,促进生长,<2小时,兔肉,蟹味菇/真姬菇/五花肉,食盐/味精/葱/姜/黄酒,5步
扁卜炖香菇,其它工艺,,其它口味,降血脂,,豆腐皮/香菇,,食盐/鸡精/调和油,7步
胡麻金钱饼,烤,初中水平,甜味,抗衰老,<30分钟,低筋面粉,泡打粉/白芝麻/苏打粉,色拉油/水/白糖,8步
南瓜香肠焖饭,焖,,咸鲜味,强身健体,,大米,,farmer john香肠,5步
焖鱼翅,焖,初中水平,咸鲜味,缓解溃疡,<30分钟,鱼翅,火腿/鸡胗/虾仁/油菜苔/冬笋/鸡胸脯肉/香菇/鸡腿/猪肉,食盐/姜/猪油(板油)/黄酒/小葱,21步
剁椒冬瓜,其它工艺,,其它口味,减肥,,冬瓜/剁椒,,食盐/调和油,6步
四季豆小炒肉,炒,,咸鲜味,补钙,,四季豆/猪肉,,花生油/食盐/酱油/鸡精/料酒/淀粉/元贞糖,5步
卤鸭,卤,初中水平,咸鲜味,清热去火,,鸭肉,,冰糖/葱/姜/八角/花椒/桂皮/料酒/老抽/草果/香叶/茴香/甘草,3步
鱼汤小刀面,煮,初级入门,咸鲜味,明目,<15分钟,鲫鱼/面粉,鸡蛋清,色拉油/食盐/姜/蒜/胡椒粉/水/小葱,3步
辣椒苹果炒鸡丁,其它工艺,,其它口味,润肠,,苹果,,食盐/鸡粉/蚝油/调和油/生粉,10步
藤萝饼,烤,,其它口味,安神,,面粉,,淡奶油/白糖,11步
芦姜鸡片,烧,初级入门,咸鲜味,防癌抗癌,<15分钟,鸡胸脯肉,姜/鸡蛋清,食盐/味精/淀粉/黄酒/芝麻油/猪油(板油),1步
大菜烧芋头,煮,初级入门,家常味,润肠,<15分钟,白菜/芋头,,色拉油/食盐,4步
双丁豆腐碎,其它工艺,,其它口味,开胃,,榨菜/毛豆腐/小葱,,食盐/鸡粉/生抽/调和油/元贞糖/芝麻油,7步
南瓜肉桂戚风,烤,,其它口味,健脑益智,,鸡蛋/低筋面粉,,色拉油/肉桂粉,13步
老烧鱼块,炸,初中水平,香辣味,开胃,<30分钟,草鱼,红尖椒/芹菜,色拉油/食盐/姜/蒜/花椒/料酒/老抽/辣椒酱,8步
砂锅豆腐,焖,,其它口味,降三高,,毛豆腐/粉丝/乐惠紫菜汤（海鲜味）,,食盐/鸡精/八角/胡椒粉,7步
土豆丝饼,其它工艺,,其它口味,清热解毒,,马铃薯丁(脱水),,食盐/调和油/辣椒粉,8步
蜜红豆墨西哥,其它工艺,,甜味,健脑益智,,鸡蛋,,食盐/黄油/水/高筋面粉/奶粉/元贞糖/糖粉/低筋面粉/蜜豆,12步
酱方,焖,初中水平,咸鲜味,防治贫血,,五花肉,卷心菜/酱油/黄酒/冰糖/食盐/葱/姜/水淀粉/味精,,1步
五味干丝,拌,初级入门,咸鲜味,软化血管,<15分钟,豆腐干,香菜,酱油/芝麻油/白糖,9步
沙茶番茄炖牡蛎,其它工艺,,其它口味,祛斑,,牡蛎/西红柿,,食盐/葱/蒜/调和油/红椒/沙茶酱,8步
|鱼薏米汤,煲,,咸鲜味,美容,,薏米,,黄豆,5步
徐州地锅鸡,烧,初级入门,咸鲜味,通便排毒,<90分钟,鸡肉,莴笋/面粉,色拉油/食盐/酱油/味精/葱/姜/蒜/料酒/红椒/五香粉,11步
鸡茸蛋,烧,初中水平,咸鲜味,缓解溃疡,<60分钟,鸡胸脯肉/猪肉,鸡蛋清/火腿/香菇/油菜苔,食盐/味精/水淀粉/黄酒/清汤/猪油(板油)/鸡油,4步
果香杂蔬炒饭,其它工艺,,其它口味,明目,,紫甘蓝/菠萝/青豆/玉米/豆腐干/鸡蛋/米饭,,食盐/调和油,7步
什锦海鲜捞饭,蒸,,其它口味,美容,,小白菜/干贝/虾仁,,食盐/粉丝/鱼露/猪肚/水,6步
香酥桃仁鸭方,炸,中级掌勺,咸鲜味,抗衰老,<60分钟,鸭肉,核桃(鲜)/虾/鸡蛋,鸡精/葱/八角/花椒/桂皮/黄酒/香叶/草果/丁香,18步
滑炒里脊丝,炒,初中水平,咸鲜味,降糖,<15分钟,猪里脊肉,青蒜/冬笋/鸡蛋清,花生油/食盐/味精/葱/香油/玉米淀粉/黄酒/清汤,8步
香蕉火腿三明治,其它工艺,,其它口味,通便排毒,,苦苣/香蕉,,花生酱,10步
碗豆饭团,蒸,,咸鲜味,明目,,米饭,,食盐/胡萝卜/芝麻油,1步
香芹肉丝炒茶树菇,炒,,咸鲜味,安神,,芹菜,,食盐/料酒/生抽/淀粉/调和油/十三香,8步
草菇芋头煲,其它工艺,,其它口味,降糖,,芋头/草菇,,食盐/葱/调和油,8步
水芹炒百叶,炒,,咸鲜味,通便排毒,,牛肚/水芹菜,,食盐,2步
红烧鱼翅,烧,初中水平,咸鲜味,预防甲状腺,<30分钟,鱼翅/猪蹄,淀粉,色拉油/食盐/酱油/味精/料酒/嗨e点北海鲜匠白汤,3步
高汤娃娃菜,煮,,其它口味,润肠,,娃娃菜,,食盐/调和油/farmer john香肠/黑木耳,4步
茄子烧毛豆,其它工艺,,其它口味,排毒,,茄子/毛豆/干辣椒,,食盐/酱油/鸡粉/生抽/调和油/元贞糖,7步
南京凉面,酱,,咸鲜味,,,榨菜,,食盐/酱油/生粉/元贞糖,5步
红烧鳜鱼,烧,初级入门,咸鲜味,降血压,<60分钟,鳜鱼,,色拉油/食盐/姜/八角/花椒/料酒/白醋/小葱/白糖,6步
豆芽炖豆腐,炖,,其它口味,,,毛豆腐,,食盐/酱油/花椒粉,1步
豆泡炒矮脚黄,其它工艺,,其它口味,开胃,,五花肉/小葱/高汤,,食盐/鸡粉/生抽/调和油,10步
苔条花生,炒,,其它口味,养心,,花生/苔菜,,调和油,3步
菠菜面,酱,,咸鲜味,美容,,面条（生）/菠菜,,,1步
贵妃鸡,炖,初级入门,咸鲜味,美容,<30分钟,鸡翅,土豆/胡萝卜/西红柿/红葱头,食盐/生抽/水,6步
霉豆子蒸子鸡,其它工艺,,其它口味,降三高,,葱,,食盐/鸡粉/料酒/生抽/调和油/元贞糖/芝麻油,9步
剁椒空心菜,其它工艺,,其它口味,降糖,,空心菜/五花肉,,食盐/鸡粉/调和油/剁椒,6步
芙蓉蜇皮,烧,初中水平,咸鲜味,排毒,<30分钟,海蜇皮,火腿/香菜/鸡蛋清,食盐/味精/水淀粉/黄酒/清汤/猪油(板油),3步
烧排骨,烧,,其它口味,润肺,,猪大排,,胡萝卜/白菜/莴笋,1步
豉香苦瓜,其它工艺,,其它口味,美容,,苦瓜/豆豉/蒜,,食盐/酱油/鸡粉/生抽/调和油/元贞糖,9步
葱油乳鸽,焖,初级入门,咸鲜味,防癌抗癌,<60分钟,乳鸽,,食盐/味精/姜/生抽/老抽/小葱/黄酒/植物油/蚕豆淀粉,6步
西兰花炒肉,炒,,咸鲜味,减肥,,西兰花/猪肉,,番茄酱,3步
青椒烩带鱼,其它工艺,,其它口味,清热去火,,带鱼/柿子椒,,食盐/姜/蒜/料酒/老抽/淀粉/调和油/元贞糖/柿子椒,10步
腊肠炒毛豆,其它工艺,,其它口味,排毒,,香肠/毛豆,,食盐/鸡粉/生抽/调和油/元贞糖,6步
莼菜塘鱼片,煮,初级入门,咸鲜味,明目,<60分钟,鲤鱼/莼菜,火腿,食盐/味精/料酒/小葱/鸡油,6步
腊肠空心菜,其它工艺,,其它口味,减肥,,空心菜/香肠/蒜,,食盐/鸡粉/调和油,8步
黑芝麻小吐司面包,煮,,甜味,,,高筋面粉,,食盐/水/奶粉/黄油,4步
烤鸭两吃,其它工艺,,其它口味,减肥,,冬瓜/榨菜,,食盐/鸡粉/调和油,11步
秘制羊肉,煮,初级入门,咸鲜味,养胃,<30分钟,羊肉,粉皮/鱼头/色拉油,食盐/姜/米醋/辣椒粉/胡椒粉,12步
枣馒头,蒸,,酱香味,安神,,面粉,,酵母(干)/荷兰乳牛乳酪牛奶/枣(干),10步
空心菜叶蛋花汤,其它工艺,,其它口味,降三高,,鸡蛋/葱,,食盐/鸡粉/调和油/芝麻油,7步
双鲜锅巴,烧,,其它口味,明目,,米饭,,,4步
霸王别姬,蒸,初中水平,咸鲜味,降糖,,鸡肉/甲鱼,鸡肉/火腿/冬笋/冬菇(干)/油菜苔,食盐/葱/姜/淀粉/清汤/黄酒,3步
核香花椰菜,炒,,咸鲜味,软化血管,,菜花,,花生油/食盐/鸡精/核桃,5步
剁椒四季豆,其它工艺,,其它口味,减肥,,四季豆/蒜,,食盐/鸡粉/调和油/剁椒,7步
清炖羊肉,炖,,咸鲜味,养胃,,羊肉,,食盐/葱/胡椒粉/香菜,3步
炒蟹线,炒,,其他口味,,,,,,
桂花酒酿苹果羹,其它工艺,,咸鲜味,润肠,,江米酒/苹果,,桂花/白糖,6步
咸蛋黄薯泥开口酥,烤,,咸鲜味,安神,,面粉/元贞糖/玉米油,,红薯,14步
油鸡,其他工艺,,其他口味,,,,,,
卤猪心,卤,,咸鲜味,养心,,猪心,,,1步
红烧鸭腿,其它工艺,,其它口味,开胃,,鸭腿/姜/花椒,,食盐/酱油/鸡粉/料酒/调和油/元贞糖,7步
洋葱炒云耳,炒,,葱香味,减肥,,黑木耳/洋葱,,食盐/酱油/调和油,7步
烩青鱼鲜肚,烩,,其他口味,,,,,,
菠菜粉皮,其它工艺,,咸鲜味,美容,,菠菜/粉皮,,,3步
青椒蒜苗炒腊肉,其它工艺,,其它口味,清热去火,,蒜苗/柿子椒/腊肉,,食盐/调和油/红椒,6步
燕窝椰奶西米露,其它工艺,,其它口味,美容养颜,,燕窝/西米,,鸡蛋,7步
炸凤尾虾,其他工艺,,其他口味,,,,,,
龙凤点心,其它工艺,,其它口味,抵抗力,,糯米粉,,椰蓉/肉松,14步
椰子西米露,烤,,其它口味,健脾,,西米,,椰子/元贞糖/水,7步
软糯小米粥,煲,,其它口味,美容,,小米/糯米,,水,4步
熘素桂鱼,其他工艺,,其他口味,,,,,,
芋头烧鸡腿肉,其它工艺,,其它口味,,,鸡腿,,食盐/醋/味精/姜/芋头/元贞糖/调和油,19步
烹子鱼,其他工艺,,其他口味,,,,,,
火腿冬瓜年糕汤,其它工艺,,其它口味,减肥,,冬瓜/火腿/蒜/禧运年切片年糕,,鸡粉/调和油/芝麻油,10步
鱿鱼茶树菇,烧,,其它口味,降糖,,鱿鱼,,,2步
杂拌芹叶,其它工艺,,其它口味,通便排毒,,芹菜叶,,食盐/粉丝/胡萝卜,4步
狮子头生菜汤,其它工艺,,其它口味,减肥,,五花肉/生菜/鸡蛋,,食盐/葱/料酒,8步
蒜苔烧肉,烧,,蒜香味,润肠,,猪肉/蒜苔,,食盐/味精/葱/姜/老抽/调和油/胡椒粉,9步
四角蛋包饭,蒸,,葱香味,明目,,米饭/鸡蛋,,葱/马铃薯丁(脱水)/香肠/香菇/青豆/沙司,9步
黄瓜襄肉,其它工艺,,其它口味,明目,,猪肉/黄瓜/玉米,,淀粉/水,19步
凤蹄,蒸,,其他口味,,,,,,
清炖狮子头,焖,,咸鲜味,,,,,,
青椒肉丝炒面筋,其它工艺,,咸鲜味,减肥,,柿子椒/蒜,,食盐/鸡粉/生抽/调和油,7步
肉松,其它工艺,,咸鲜味,补血,,猪肉,,食盐/味精/姜/料酒/生抽/调和油/元贞糖,10步
干烤大虾,烤,,咸鲜味,,,,,,
盐水鸭,蒸,,咸鲜味,,,,,,
豆瓣豆腐烧鲫鱼,其它工艺,,其它口味,明目,,鲫鱼/毛豆腐/榨菜/葱/姜/蒜,,食盐/鸡粉/生抽/豆瓣酱/调和油/元贞糖,9步
酥炸带鱼,蒸,,咸鲜味,防癌,,带鱼,,花生油/食盐/面粉,5步
肺汤,其他工艺,,其他口味,,,,,,
丽花茭白,其它工艺,,其它口味,美容,,茭白,,食盐/味精/香菜/葱油/糟卤,8步
拔丝楂糕,拔丝,,其他口味,,,,,,
香菇韭菜肉片汤,煲,,咸鲜味,开胃,,韭菜/小葱,,食盐/生抽/十三香/芝麻油,6步
石榴虾,蒸,,其他口味,,,,,,
水煮白菜,煮,,其它口味,润肠,,白菜,,色拉油/食盐/葱/姜/黑木耳/香肠/高汤,10步
蟹粉狮子头,焖,,咸鲜味,,,,,,
青椒肉丝炒毛豆,其它工艺,,其它口味,清热去火,,毛豆/柿子椒,,食盐/鸡粉/生抽/调和油/元贞糖,6步
炸玉蝗,其他工艺,,其他口味,,,,,,
巴蜀虾,煮,,咸鲜味,减肥,,黄瓜/蒜,,豆油/酱油/料酒/白糖,9步
天下第一菜,炸,,酸甜味,,,,,,
炝莴笋丝,炝,,咸鲜味,明目,,莴笋/胡萝卜,,花生油/食盐/花椒/白醋/白芝麻,6步
莼菜汆塘鱼片,汆,,其他口味,,,,,,
豌豆炒里脊肉丝,炒,,咸鲜味,防脂肪肝,,青豆,,色拉油/食盐/葱/姜/蒜/料酒/生抽/淀粉/柿子椒/白糖,8步
荷花集锦炖,炖,,其他口味,,,,,,
薏仁海带排骨汤,其它工艺,,其它口味,润肺,,猪大排,,薏米,6步
西红柿青椒炒菜花,炒,,茄汁味,软化血管,,菜花,,色拉油/食盐/葱/姜/蒜/番茄酱/柿子椒,7步
爆乌花,爆,,咸鲜味,,,,,,
红烧带鱼,烧,,咸鲜味,利尿消石,,带鱼,,酱油/醋/鸡精/葱/姜/料酒/白糖/植物油,3步
酥皮洋葱火腿月饼,烤,,咸鲜味,安神,,面粉/玉米油/水,,食盐/酱油/洋葱/熟面粉/橄榄油,26步
乌贼烧干丝,烧,,其它口味,开胃,,墨鱼/豆腐丝,,食盐/味精/葱/姜/蒜/柿子椒/元贞糖/胡椒粉/胡萝卜,8步
砂锅豆腐,砂锅,,咸鲜味,,,,,,
锅塌鲈鱼,其他工艺,,其他口味,,,,,,
苏式紫薯月饼,烤,,其它口味,安神,,面粉/玉米油/水/元贞糖,,食盐,20步
什锦芝士h饭,其它工艺,,茄汁味,,,馒头,,色拉油/食盐/胡椒粉/马铃薯丁(脱水)/鸡蛋/黄油/西红柿/柿子椒,16步
清炖狮子头,炖,,咸鲜味,,,,,,
酱油嫩鸡,酱,,其他口味,,,,,,
五彩酿豆腐,其它工艺,,其它口味,明目,,香椿/胡萝卜,,食盐/鸡精/淀粉/元贞糖/胡椒粉,6步
啤酒烧羊肉,烧,,其它口味,养胃,,羊肉,,食盐/冰糖/姜/八角/桂皮/老抽/豆瓣酱/甜面酱/啤酒/柿子椒/蒜苔,7步
盐水鸭,蒸,,咸鲜味,,,,,,
两色豆茸,炒,,其他口味,,,,,,
蒜苔炒豆腐,炒,,咸鲜味,润肠,,毛豆腐/蒜苔,,食盐/味精/葱/姜/蒜/柿子椒/调和油/胡椒粉,7步
蜜汁萝卜,烧,,其它口味,养胃,,白萝卜,,长寿深山野蜜,5步
鸡腿扒乌参,扒,,其他口味,,,,,,
爆乌花,爆,,咸鲜味,,,,,,
肉末冬菜炖豆腐,煮,,咸鲜味,,,毛豆腐/冬菜,,食盐/鸡精/生抽,6步
彩色鱼夹,其他工艺,,其他口味,,,,,,
凉伴白萝卜,其它工艺,,香辣味,养胃,,白萝卜,,食盐/味精/蒜/柿子椒/胡萝卜,6步
荷叶鸡,炸,,咸鲜味,抵抗力,,鸡肉,荷叶,食盐/八角/番茄酱,3步
糯米烧麦,蒸,初级入门,家常味,利尿消炎,<30分钟,糯米/猪肉/馄饨,,食盐/生抽/蚝油/香油/淀粉/干香菇/十三香/胡萝卜,5步
双味虾仁,其他工艺,,其他口味,,,,,,
米饭煎饼,拌,,咸鲜味,明目,,米饭,,食盐/鸡精/葱/马铃薯丁(脱水)/胡椒粉/芝麻,4步
蟹粉狮子头,其他工艺,,其他口味,,,,,,
桂花鸡头肉,煮,,其他口味,,,,,,
油爆大虾,爆,初中水平,家常味,安神,<15分钟,虾,,醋/葱/姜/蒜/小米椒/料酒/生抽/白砂糖,8步
土豆小饼,煎,,其它口味,清热解毒,,马铃薯丁(脱水),,食盐/味精/淀粉/芝麻/鸡蛋/调和油,11步
樱桃肉,炒,,酸甜味,,,,,,
嫩姜炒鸡脯,炒,,其他口味,,,,,,
荷叶粉蒸肉,蒸,初中水平,咸鲜味,清热解暑,<60分钟,五花肉,荷叶/香米,食盐/酱油/花椒/黄酒/胡椒/辣椒粉,9步
肉丸炖茄子,炖,,咸鲜味,抗衰老,,茄子,,番茄酱/柿子椒,7步
翡翠蹄筋,其他工艺,,其他口味,,,,,,
天下第一菜,炸,,酸甜味,,,,,,
苏菜特辑之9款滋味醇和的淮扬菜,蒸,,咸鲜味,,,,,,
土豆木耳炖排骨,炖,,其它口味,减肥,,猪大排/马铃薯丁(脱水)/黑木耳,,食盐/醋/鸡精/葱/姜/八角/桂皮/料酒,7步
梁溪脆鳝,炸,初级入门,咸鲜味,降糖,<30分钟,鳝鱼,,豆油/食盐/酱油/醋/姜/料酒/香油/小葱/白糖,2步
醉蟹,腌,,咸鲜味,抗结核病,,大闸蟹,,食盐/酱油/冰糖/姜/蒜/花椒/料酒,2步
鲜灵芝炖乌鸡,炖,,咸鲜味,抗衰老,,乌骨鸡/枣（鲜）,,食盐,7步
熘素鹅皮,其他工艺,,其他口味,,,,,,
三鲜脱骨鱼,煎,初中水平,咸鲜味,明目,,鲤鱼,猪肉/虾仁/鸡胗/冬笋/冬菇(干),食盐/酱油/味精/葱/姜/黄酒/白糖/猪油(板油),6步
香菜梗炒鳝丝,炒,初级入门,咸鲜味,降糖,<15分钟,鳝鱼/香菜,,色拉油/食盐/酱油/味精/料酒/香油/水淀粉/蒜泥/白糖/胡椒粉,3步
青菜牛肉面,酱,,咸鲜味,抗衰老,,牛肉/水面,,食盐/味精/小白菜/水,5步
五香熏青鱼,熏,,五香味,,,,,,
,,,,,,,,,1步
拆烩鲢鱼头,烧,初中水平,咸鲜味,利尿消石,<60分钟,鲢鱼头,蟹肉/油菜苔/莴笋/火腿/鸡胗/鸡肉/冬菇(干)/虾,食盐/味精/葱/姜/淀粉/黄酒/鸡汤/白糖/白醋/猪油(板油)/白胡椒,3步
丝瓜手擀面,酱,,咸鲜味,美白,,面粉/丝瓜,,食盐/味精/鸡蛋/水,11步
五花玻璃肉,糖蘸,,咸鲜味,防癌,,羊肉/豆腐皮,,食盐/冰糖/葱/姜/八角/桂皮/料酒/香油/碱/植物油/红曲粉,3步
汤大玉,煮,初级入门,咸鲜味,肾调养食谱,<15分钟,虾仁,鸡蛋清,花生油/食盐/醋/味精/姜/料酒/香油/胡椒粉/豌豆淀粉,3步
炝虎尾,炝,初级入门,咸鲜味,降糖,<30分钟,鳝鱼,,酱油/醋/蒜/芝麻油/胡椒粉,1步
龙虾豆腐羹,煮,,咸鲜味,,,龙虾/毛豆腐,,食盐/鸡精/葱/姜/蒜/料酒/水淀粉/元贞糖/胡椒粉,6步
塘鱼菜薹,烧,,其他口味,,,,,,
五柳青鱼,煮,初中水平,其它口味,明目,<30分钟,青鱼,胡萝卜/柿子椒,花生油/食盐/酱油/醋/味精/葱/姜/干辣椒/料酒/白砂糖/玉米淀粉,4步
冬瓜四灵,蒸,初中水平,咸鲜味,利尿消石,<30分钟,冬瓜,甲鱼/火腿/鸡胸脯肉/冬菇(干)/油菜苔/蛋糕/鱼肉,食盐/姜/小葱/黄酒/清汤/猪油(板油),1步
卤汁面筋,烧,,其他口味,,,,,,
玫瑰花煎蛋,炸,,其它口味,健脑益智,,鸡蛋,,食盐,7步
江苏五香牛肉片,其他工艺,,五香味,,,,,,
雪花豆腐,烧,初级入门,家常味,开胃,<15分钟,南豆腐,蘑菇/松子仁/葵花子仁/鸡胸脯肉/虾仁,食盐/味精/淀粉/清汤/黄酒/猪油(板油),3步
清炒大虾仁,炒,,其他口味,,,,,,
无锡鸭,煮,,其他口味,,,,,,
玫瑰腐乳红烧肉,烧,,咸鲜味,清热去火,,五花肉/冰糖,,食盐,8步
镜箱豆腐,其他工艺,,其他口味,,,,,,
清炒塘鱼片,炒,,其他口味,,,,,,
扒鲜翅,扒,,其他口味,,,,,,
凉瓜河鲜虾,其他工艺,,其他口味,,,,,,
荠菜蛋皮卷,蒸,,其它口味,润肠,,荠菜/鸡蛋,,食盐/鸡精/植物油,6步
靖江五香牛肉粒,其他工艺,,五香味,,,,,,
原焖鱼翅,焖,,咸鲜味,,,,,,
西瓜鸡,蒸,,其他口味,,,,,,
香芋卷,汆,,其它口味,防癌,,芋头/馄饨皮,,元贞糖/芝麻,8步
八宝甜饭,蒸,初中水平,甜味,利尿消石,<90分钟,糯米,豆沙/蜜枣/桂圆/桂格银耳杏仁莲子/金桔/青梅/松子仁/南瓜,猪油(板油)/绵白糖/桂花,4步
糟扣肉,蒸,初中水平,家常味,,,五花肉,,酱油/姜/料酒/香糟/白砂糖/小葱,7步
江苏牛肉干,其他工艺,,其他口味,,,,,,
葫芦虾蟹,其他工艺,,其他口味,,,,,,
牛肉烧白菜粉丝,汆,,咸鲜味,抗衰老,,牛肉/白菜/粉丝,,食盐/味精/葱/蒜/调和油/柿子椒/元贞糖/胡椒粉,8步
炸香脆肉,炸,,其他口味,,,,,,
香橼豆腐,其他工艺,,其他口味,,,,,,
蟹粉豆腐羹,其他工艺,,其他口味,,,,,,
老龙入海,其他工艺,,其他口味,,,,,,
一品罗汉菜,蒸,,其他口味,,,,,,
生煎荠菜馄饨,煎,,咸鲜味,润肠,,荠菜/馄饨皮,,食盐/鸡精/葱/姜/料酒/元贞糖/鸡蛋/芝麻油/植物油/胡椒粉,8步
植物四宝,其他工艺,,其他口味,,,,,,
鸡汁扒翅,扒,,其他口味,,,,,,
素鸽蛋,烧,,其他口味,,,,,,
烤明虾,烤,,其他口味,,,,,,
蒜苔拌百叶,拌,,香辣味,润肠,,蒜苔,,食盐/花椒/生抽/牛肚/调和油/元贞糖/芝麻油,13步
靖江猪肉脯,其他工艺,,其他口味,,,,,,
葱蒸干贝,蒸,,其他口味,,,,,,
清蒸鲥鱼,蒸,,其他口味,,,,,,
蒜泥豆瓣豇豆,其它工艺,,其它口味,润肠,,豇豆,,食盐/蒜/豆瓣酱/调和油/元贞糖,6步
干风春鱼,其它工艺,,其他口味,,,,,,
鸡茸玉米,其他工艺,,其他口味,,,,,,
苏州熏鱼,炸,,其它口味,,,,,,
野开花炒咸肉,其它工艺,,其它口味,助消化,,咸肉,,调和油/元贞糖,8步
平桥豆腐,蒸,,咸鲜味,开胃,,南豆腐,海参/虾米/鸡胸脯肉/蘑菇/干贝/青蒜,食盐/味精/葱/姜/料酒/香油/玉米淀粉,9步
肺汤,其他工艺,,其他口味,,,,,,
蛋烧麦,烧,,其他口味,,,,,,
油炸香蕉片,其它工艺,,甜味,通便排毒,,香蕉,,淀粉/鸡蛋/面包糠/长寿深山野蜜,8步
如皋肉松,炒,,其他口味,,,,,,
炒血糯,炒,,其他口味,,,,,,
虾籽明玉参,烧,,其他口味,,,,,,
梅干菜烧四季豆,其它工艺,,咸鲜味,补钙,,五花肉/四季豆/梅菜,,食盐/酱油/鸡精/生抽/调和油/元贞糖,9步
蟹粉鲜鱼皮,烧,,其他口味,,,,,,
风味冰糖枣方肉,焖,初中水平,酸甜味,,<60分钟,五花肉,,食盐/酱油/冰糖/味精/葱/姜/枣(干)/黄酒,3步
常熟叫化鸡,烤,初中水平,咸鲜味,降血脂,,母鸡,猪肉/鸡胗/虾仁/香菇/火腿,食盐/酱油/葱/姜/八角/香油/甜面酱/猪网油/小葱/丁香/黄酒/肉豆蔻/白砂糖/猪油(板油),20步
阳光香肉美食全宴,其他工艺,,其他口味,,,,,,
蛋白夹沙,炸,,其他口味,,,,,,
蛋花蒸酿冬瓜,蒸,初级入门,咸鲜味,强健身体,<10分钟,冬瓜,猪肉/虾米/香菇/鸡蛋清,食盐/味精/葱/香油/胡椒粉/豌豆淀粉,4步
香菇烧冬瓜,其它工艺,,咸鲜味,减肥,,冬瓜/香菇/虾米,,食盐/鸡粉/调和油/芝麻油,9步
靖江牛肉干,其他工艺,,其他口味,,,,,,
白干煮三丝,其他工艺,,其他口味,,,,,,
茄汁辣味烤鲫鱼,烧,,茄汁味,明目,,鲫鱼,,食盐/姜/料酒/元贞糖/柿子椒/胡萝卜/西红柿/辣椒粉/孜然/调和油,9步
锅烧野鸭,煎,初中水平,咸鲜味,抗衰老,<2小时,野鸭,鸡蛋,酱油/葱/姜/甜面酱/白糖/白酒/木薯粉/椒盐,3步
金蒜鳓鱼,烧,,咸鲜味,,,,,,
松子熏肉,熏,初中水平,其它口味,抗衰老,,猪肉,松子,酱油/冰糖/姜/花椒/黄酒/葱白/陈皮/芝麻油/猪油(板油)/茶叶/白糖,
白扒猴头,扒,初中水平,咸鲜味,抗衰老,,猴头菇/母鸡,火腿/卷心菜/鲜奶,食盐/葱/姜/淀粉/黄酒/鸡汤,3步
拌糖醋萝卜,其它工艺,,糖醋味,,,酸萝卜,,元贞糖/白醋,5步
香炸仔鸡,炸,,其他口味,,,,,,
圆盅炖鸡,炖,,其他口味,,,,,,
滑炒虾仁,炒,初级入门,咸鲜味,明目,<15分钟,虾仁,黄瓜/冬笋/胡萝卜/鸡蛋清,花生油/食盐/醋/味精/葱/姜/料酒/香油/淀粉/高汤,3步
香葱舒打饼干,烘焙,,葱香味,安神,,面粉/荷兰乳牛乳酪牛奶,,色拉油/食盐/葱/苏打粉/酵母(干),12步
靖江牛肉脯,其他工艺,,其他口味,,,,,,
栗子焖羊肉,焖,,其他口味,,,,,,
苏式肉松月饼,其它工艺,,其它口味,安神,,面粉/肉松,,食盐/马面鱼/元贞糖,18步
扁大肉酥,炒,,其他口味,,,,,,
桂花糖大栗,蒸,初级入门,甜味,,<60分钟,栗子(鲜),,淀粉/糖桂花/红绿丝/白糖/猪油(板油),1步
油淋鸽子,其他工艺,,其他口味,,,,,,
素烧丝瓜,其它工艺,,其它口味,美白,,丝瓜/蒜,,食盐/鸡粉/调和油,5步
太仓肉松,其他工艺,,其他口味,,,,,,
香蕉果炸,炸,初级入门,甜味,减肥,<10分钟,面粉,鸡蛋/冬瓜/葡萄,花生油/淀粉/香蕉/白糖/芝麻油,4步
一品汽锅鸡,煲,,咸鲜味,清热去火,,鸭肉,火腿/豌豆苗,食盐/葱/小葱/白酒,3步
卤藕和卤香菇,其它工艺,,其它口味,降血脂,,香菇/藕,,食盐/八角/花椒/桂皮/料酒/老抽/调和油/白糖/香叶/红椒,8步
牛乳鲜鱼唇,其他工艺,,其他口味,,,,,,
宿迁猪头肉,煮,初中水平,家常味,,,猪头肉,,食盐/酱油/桂皮/甜面酱/茴香,3步
卤汁冬菇,卤,,其他口味,,,,,,
凉拌肉,煮,,其它口味,,,五花肉,,食盐/酱油/醋/味精/姜/胡萝卜/元贞糖,5步
水油浸鳊鱼,其他工艺,,其他口味,,,,,,
扬州煮干丝,煮,,咸鲜味,,,,,,
油焖鲜笋,焖,,家常味,,,,,,
蟹子豆腐,其他工艺,,其他口味,,,,,,
三色汤圆,其它工艺,,咸鲜味,抵抗力,,糯米粉/绿茶粉/玉米面(黄),,水,12步
荷叶糯米鸡,蒸,,其它口味,,,,,,
香炸鹌鹑,其他工艺,,其他口味,,,,,,
红烧大乌,烧,,其他口味,,,,,,
烧卖,蒸,,其它口味,美容,,糯米/小米/淀粉/糯米粉/澄粉,,食盐/味精/调和油/香肠/玉米/香菇/元贞糖,23步
无锡肉排,其他工艺,,其他口味,,,,,,
宝箱豆腐,其他工艺,,其他口味,,,,,,
瑶柱香菇虾米火腿肠粉,拌,,其它口味,降血脂,,陈村粉/带子/虾/香菇/火腿,,酱油/葱/红尖椒/芝麻油,10步
炖鳝酥,炖,,其他口味,,,,,,
蜜枣桂鱼,其他工艺,,其他口味,,,,,,
无锡排骨,焖,初中水平,家常味,清热去火,<30分钟,猪大排,洋葱/柿子椒,食盐/酱油/冰糖/葱/姜/蒜/八角/桂皮/料酒/蚝油/番茄酱,5步
巧克力酸奶核桃蛋糕,烤,,奶香味,,,肉桂粉/淡奶油/泡打粉/帕玛拉特黄桃酸奶,,红糖/香草精/好时巧克力酱,13步
无锡肉排骨,烧,,家常味,,,,,,
酥炸桃仁,其他工艺,,其他口味,,,,,,
碧螺春水烧豆腐,其他工艺,,咸鲜味,,,,,,
神仙蛋,烧,,其他口味,,,,,,
豆沙枧水粽,蒸,,其它口味,减肥,,糯米/豆沙/冰淇淋,,花生油/枧水,4步
冰镇瓜汁血燕,其他工艺,,其他口味,,,,,,
淮杞炖狮子头,炖,,家常味,,,,,,
蒜炒拍黄瓜,炒,,咸鲜味,减肥,,黄瓜,,食盐/蒜/调和油,8步
冰糖蜜桃,其他工艺,,其他口味,,,,,,
玻璃樱桃肉,糖蘸,,咸鲜味,,,,,,
清汤南瓜面疙瘩,烘焙,,甜味,降糖,,南瓜/面粉,,食盐/白菜/鸡蛋/食油,8步
银杏炒扇贝,炒,,其他口味,,,,,,
自烩鱼肚,烩,,其他口味,,,,,,
清炖蟹粉狮子头,炖,,咸鲜味,补血,,猪肉,油菜苔/淀粉/蟹粉,食盐/味精/料酒/姜汁,2步
金沙龙虾,其他工艺,,其他口味,,,,,,
萝卜干炒杭椒,炒,,咸鲜味,清热去火,,萝卜干/杭椒,,味精/葱/姜/调和油/元贞糖/胡椒粉,9步
红烧鱼皮,烧,,其他口味,,,,,,
滑炒蛤蜊马蹄,炒,,咸鲜味,清热去火,,蛤蜊/荸荠,鸡蛋,食盐/鸡精/葱/姜/料酒/胡椒粉,3步
金汤海参,其他工艺,,其他口味,,,,,,
包菜炒西红柿,炒,,茄汁味,抵抗力,,卷心菜/番茄酱,,食盐/味精/葱/姜/蒜/柿子椒/调和油/胡椒粉,6步
淡菜炒笋尖,炒,,其他口味,,,,,,
爆乌花,爆,,其他口味,,,,,,
鱼翅煮干丝,其他工艺,,其他口味,,,,,,
紫薯糯米糊糊,煮,,其它口味,减肥,,紫薯/糯米粉,,水,9步
佛手海蜇皮,其他工艺,,其他口味,,,,,,
红烧栗子鸡,烧,初中水平,家常味,抵抗力,<30分钟,鸡肉,鲜栗子,食盐/酱油/味精/料酒/淀粉/白砂糖/高汤,6步
北菇扣鹅掌,其他工艺,,其他口味,,,,,,
辣味莴笋,炒,,香辣味,通便排毒,,莴笋,,花生油/食盐/鸡精/葱/干辣椒,6步
生煎皈鱼,煎,初中水平,咸鲜味,抗衰老,<60分钟,三文鱼,鸡蛋,花生油/食盐/酱油/葱/姜/水淀粉/面粉/黄酒/胡椒粉/芝麻油/椒盐,1步
蒸三片,蒸,,其他口味,,,,,,
青椒肉沫烧茄子,烧,,其它口味,清热去火,,柿子椒/茄子/姜,,食盐/生抽/调和油/十三香/生粉,10步
扬州蛋炒饭,炒,新手尝试,家常味,清火疗疹,<5分钟,米饭,胡萝卜/鸡蛋/青豆/虾仁/火腿/玉米,食盐/料酒,9步
叉烧鸭子,其他工艺,,其他口味,,,,,,
咸蛋黄h南瓜,炒,,家常味,,,,,,
青菜拌木耳,烧,,其它口味,美容,,小白菜/黑木耳,,食盐/味精/蒜/柿子椒/调和油,7步
鸳鸯雪花卷,其他工艺,,其他口味,,,,,,
蟹粉狮子头,其他工艺,,其他口味,,,,,,
松子鸡,煎,初中水平,咸鲜味,减肥,<60分钟,鸡皮,松子/玉米(鲜)/苹果/菠萝/酸奶/鸡蛋/水萝卜/黄瓜/荸荠,食盐/胡椒,3步
松子鱼米,其他工艺,,其他口味,,,,,,
脆皮香蕉卷,其他工艺,,其他口味,,,,,,
青鱼甩水,焖,初级入门,咸鲜味,,<30分钟,青鱼,,色拉油/葱/姜/猪油(板油)/黄酒/白糖,2步
扒猪头,扒,,家常味,,,,,,
出水芙蓉,其他工艺,,其他口味,,,,,,
拆烩鲢鱼头,烩,,其他口味,,,,,,
圆盅炖鸡,炖,,其他口味,,,,,,
清蒸刀鱼,蒸,初级入门,咸鲜味,防癌,<10分钟,带鱼,,食盐/味精/猪油(板油)/火腿/春笋,1步
龙须鱼面,其他工艺,,其他口味,,,,,,
脆皮香蕉卷,其他工艺,,其他口味,,,,,,
锅贴山鸡,其他工艺,,其他口味,,,,,,
京葱膳７,其它工艺,初中水平,咸鲜味,排毒,,牛肉,冬笋,花生油/食盐/酱油/味精/姜/小葱/丁香/黄酒/芝麻油/白糖,1步
枇杷虾,其他工艺,,其他口味,,,,,,
圆盅炖鸡,炖,,其他口味,,,,,,
拆烩鲢鱼头,烩,,咸鲜味,,,,,,
松子鸭颈,烧,初中水平,咸鲜味,安神,<60分钟,鸭皮,松子仁/香菜/虾,花生油/食盐/味精/淀粉/黄酒/葱姜汁/鸡蛋清,2步
蝴蝶烩鳝,烩,,其他口味,,,,,,
母油船鸭,其他工艺,,其他口味,,,,,,
松鼠桂鱼,其他工艺,,其他口味,,,,,,
水八块,其他工艺,,其他口味,,,,,,
粉蒸回鱼,蒸,初级入门,咸鲜味,开胃,<30分钟,t鱼,粳米(标一)/荷叶,食盐/酱油/葱/姜/豆瓣酱/白糖/黄酒/芝麻油,3步
豆酱焖蟹肉,焖,,其他口味,,,,,,
麻花野鸡,煎,初中水平,咸鲜味,美容,<30分钟,鸡胸脯肉/猪肉,虾仁/雪里蕻/鸡蛋/冬菇(干)/菠菜/鸡蛋清,花生油/食盐/味精/淀粉/黄酒,1步
炖奶鲫鱼,炖,,其他口味,,,,,,
松鼠桂鱼,其他工艺,,其他口味,,,,,,
母油船鸭,蒸,初中水平,咸鲜味,清火疗疹,<60分钟,鸭肉/猪腿肉,猪肉/青豆/冬菜,色拉油/味精/小葱/黄油/白糖/糖色/木薯粉/芝麻油/清汤,4步
金腿脊梅炖腰酥,炖,初中水平,咸鲜味,补血,,火腿/猪里脊肉,猪腰,食盐/姜/黄酒/葱白,3步
麻花野鸡,其他工艺,,其他口味,,,,,,
水八块,其他工艺,,其他口味,,,,,,
酒凝金腿,其他工艺,,其他口味,,,,,,
盐水虾,煮,初中水平,咸鲜味,安神,<5分钟,虾,,食盐/八角/花椒,5步
松鼠桂鱼,其他工艺,,其他口味,,,,,,
酥桔元,炸,初中水平,甜味,消食,<60分钟,猪肉,面粉/鸡蛋黄/金桔,红绿丝/桂花/白糖/猪油(板油),1步
百花鲳鱼,其他工艺,,其他口味,,,,,,
炖菜核,炖,,其他口味,,,,,,
水八块,其他工艺,,其他口味,,,,,,
香炸云雾,其他工艺,,其他口味,,,,,,
鱼头冻豆腐,其他工艺,,其他口味,,,,,,
熟抢虾仁,其他工艺,,其他口味,,,,,,
贡淡炖鸭,炖,初中水平,咸鲜味,消食,<60分钟,鸭肉/鸡肉,猪肉/火腿,食盐/味精/姜/小葱/黄酒,
三鲜珍珠丸,其他工艺,,其他口味,,,,,,
饼子野鸭,其他工艺,,其他口味,,,,,,
全家富,其他工艺,,其他口味,,,,,,
白酥鸡,蒸,初中水平,咸鲜味,降血脂,<60分钟,鸡胸脯肉,虾/火腿/冬笋/香菇/猪肉/虾米,,1步
红烧狼山鸡,烧,,其他口味,,,,,,
三鲜珍珠丸,其他工艺,,其他口味,,,,,,
松鼠厥鱼,其他工艺,,其他口味,,,,,,
梁溪脆鳝,其他工艺,,其他口味,,,,,,
太湖酱鸭,酱,,其他口味,,,,,,
风蹄,其他工艺,,其他口味,,,,,,
镇江肴肉,其他工艺,,其他口味,,,,,,
红烧狼山鸡,烧,,其他口味,,,,,,
叉烤酥方,烤,初中水平,咸鲜味,润肺,,猪大排/馒头,,食盐/葱/甜面酱/芝麻油/绵白糖,1步
南京盐水鸭,其他工艺,,其他口味,,,,,,
三鲜珍珠丸,其他工艺,,其他口味,,,,,,
卤汁冬菇,卤,,其他口味,,,,,,
泡糖蒜,腌,,蒜香味,,,,,,
南京盐水鸭,焖,,咸鲜味,,,,,,
红烧狼山鸡,烧,,其他口味,,,,,,
三丝炒鸽松,炒,初中水平,咸鲜味,清热去火,<30分钟,鸽肉,鸡蛋清/柿子椒/西葫芦,花生油/食盐/酱油/醋/姜/淀粉/水淀粉/小葱/黄酒/芝麻油/白糖,1步
松子熏肉,熏,,其他口味,,,,,,
高沟捆蹄,其他工艺,,咸鲜味,,,,,,
菊叶玉板,其他工艺,,其他口味,,,,,,
砂仁蒸猪腰,蒸,,其他口味,,,,,,
鸡茸干贝,煮,初级入门,咸鲜味,消食,<30分钟,干贝/鸡胸脯肉,鸡蛋清,色拉油/食盐/味精/料酒/淀粉/鸡汤,2步
扬州煮干丝,其他工艺,,其他口味,,,,,,
虾仁猴头,其他工艺,,其他口味,,,,,,
南林香鸭,其他工艺,,其他口味,,,,,,
百果玫瑰球,其他工艺,,其他口味,,,,,,
酱汁排骨,酱,,其他口味,,,,,,
菊叶玉板,其他工艺,,其他口味,,,,,,
龙井菊花回鱼,其他工艺,,其他口味,,,,,,
金陵烤鸭,烤,初中水平,咸鲜味,抵抗力,<60分钟,麻鸭,卷心菜,葱/花椒/白糖/芝麻油,1步
扬州煮干丝,其他工艺,,其他口味,,,,,,
虾仁猴头,其他工艺,,其他口味,,,,,,
清汤琵琶虾,其他工艺,,其他口味,,,,,,
香芋烧竹鸡,烧,初级入门,咸鲜味,防癌,<30分钟,鸡肉,芋头,花生油/食盐/酱油/姜/水淀粉/小葱/黄酒/白糖,1步
酱汁排骨,酱,初中水平,其他口味,润肺,<60分钟,猪大排,,食盐/酱油/味精/葱/姜/八角/桂皮/白糖/黄酒,1步
菊叶玉板,其他工艺,,其他口味,,,,,,
百花酒焖肉,焖,,其他口味,,,,,,
芙蓉青口贝,蒸,,咸鲜味,,,,,,
烩鲫鱼舌头,烩,,其他口味,,,,,,
翡翠鲍鱼,其他工艺,,其他口味,,,,,,
虾仁猴头,其他工艺,,其他口味,,,,,,
炸肉千,其他工艺,,其他口味,,,,,,
百合田鸡,其他工艺,,其他口味,,,,,,
夜来香氽鸡片,其他工艺,,其他口味,,,,,,
白玉扣瑶柱,蒸,,咸鲜味,,,,,,
水晶虾饼,其他工艺,,其他口味,,,,,,
翡翠鲍鱼,其他工艺,,其他口味,,,,,,
山鸡塌,其他工艺,,其他口味,,,,,,
冻鸭,其他工艺,,其他口味,,,,,,
豆乳冻,其他工艺,,其他口味,,,,,,
百合田鸡,其他工艺,,其他口味,,,,,,
夜来香氽鸡片,其他工艺,,其他口味,,,,,,
气锅滑嫩丸子,其他工艺,,其他口味,,,,,,
拌脆鳝,拌,,其他口味,,,,,,
镜箱豆腐,其他工艺,,其他口味,,,,,,
山鸡塌,其他工艺,,其他口味,,,,,,
红烧鲥鱼,烧,,其他口味,,,,,,
炖晌溲,炖,初中水平,咸鲜味,清热去火,,烧鸭/鸭肉,火腿/冬菇(干),食盐/葱/姜/黄酒/水,1步
清炖狮子头,炖,,咸鲜味,,,,,,
夜来香氽鸡片,煮,初中水平,咸鲜味,消食,<10分钟,鸡胸脯肉,蟹黄/鸡蛋清,食盐/黄酒,1步
清汤秃肺,其他工艺,,其他口味,,,,,,
镜箱豆腐,其他工艺,,其他口味,,,,,,
莼菜氽塘鱼片,煮,初级入门,咸鲜味,明目,<30分钟,鲤鱼,火腿,食盐/味精/葱/黄酒/鸡油/高汤,1步
蟹斗扣鲍脯,其他工艺,,其他口味,,,,,,
山鸡塌,其它工艺,初中水平,咸鲜味,消食,<60分钟,鸡胸脯肉/猪肉,火腿/鸡蛋清,花生油/食盐/味精/淀粉/香菜/黄酒/葱姜汁/芝麻油,1步
清炖狮子头,炖,,咸鲜味,,,,,,
拌鸡冠肚皮,拌,,其他口味,,,,,,
绿叶豆腐羹,其他工艺,,咸鲜味,,,,,,
香炸银鱼,其他工艺,,其他口味,,,,,,
脱壳鳜鱼,其他工艺,,其他口味,,,,,,
无锡酱排,酱,,其他口味,,,,,,
刺猬圆子,蒸,初中水平,咸鲜味,清热去火,<30分钟,五花肉,糯米/荸荠,食盐/味精/葱/料酒/水淀粉/姜汁,2步
银丝长鱼,其他工艺,,其他口味,,,,,,
天下第一菜,其他工艺,,其他口味,,,,,,
油焐脆皮鸭,其它工艺,初中水平,咸鲜味,清热去火,,鸭肉,,色拉油/花生油/食盐/姜/花椒/黄酒/清汤/小葱/白糖/芝麻油,1步
玛瑙鸭舌,其他工艺,,其他口味,,,,,,
脱壳鳜鱼,其他工艺,,其他口味,,,,,,
香炸银鱼,炸,初级入门,咸鲜味,抗衰老,<10分钟,银鱼,鸡蛋/面包屑,花生油/食盐/葱/淀粉/黄酒/胡椒粉/葱姜汁/芝麻油,1步
红松鳜鱼,烧,初中水平,咸鲜味,清热解毒,<30分钟,鳜鱼,猪腿肉/鸡蛋清,食盐/味精/香菜/黄酒/白糖,1步
生醉蟹油拌佛手海蜇皮,拌,,其他口味,,,,,,
银丝长鱼,其他工艺,,其他口味,,,,,,
天下第一菜,其他工艺,,其他口味,,,,,,
香馓黄金贝,其他工艺,,咸鲜味,,,,,,
清炖鸡孚,炖,初级入门,咸鲜味,清热解毒,<30分钟,鸡腿,鸡蛋清/猪肉(后臀尖)/火腿/冬菇(干),花生油/食盐/淀粉/黄酒,1步
脱壳鳜鱼,炸,初中水平,咸鲜味,开胃,<60分钟,鳜鱼,鸡蛋清/粳米(标一),食盐/葱/姜/淀粉/胡椒粉/椒盐/黄酒/猪网油/芝麻油/菜籽油/香糟,2步
珍珠鸭蛋卷,其他工艺,,其他口味,,,,,,
掌珠竹荪翅,其他工艺,,其他口味,,,,,,
龙肝凤脑,煮,初中水平,咸鲜味,明目,<60分钟,鲤鱼,鸡肉/火腿/油菜苔,食盐/味精/葱/姜/淀粉/黄酒/高汤/鸡油/胡椒粉,2步
银丝长鱼,炒,初级入门,咸鲜味,降糖,<30分钟,鳝鱼,鸡蛋清/冬笋,食盐/蒜/淀粉/黄酒/葱白/白糖/清汤/白胡椒,1步
鸡茸芦笋,其他工艺,,其他口味,,,,,,
寿星水鱼,其他工艺,,其他口味,,,,,,
眉炸梅卷,其他工艺,,其他口味,,,,,,
白煨脐门,其他工艺,,其他口味,,,,,,
叉烤鳜鱼,烤,,其他口味,,,,,,
锡纸八宝回鱼,其他工艺,,其他口味,,,,,,
珍珠鸭蛋卷,其他工艺,,其他口味,,,,,,
清炖硕鸭,炖,,其他口味,,,,,,
干菜肥鸭,其他工艺,,其他口味,,,,,,
白煨脐门,其他工艺,,其他口味,,,,,,
五子蒸鸡,蒸,,其他口味,,,,,,
鸡茸芦笋,其他工艺,,其他口味,,,,,,
纸包明虾,其他工艺,,其他口味,,,,,,
叉烤鳜鱼,烤,,其他口味,,,,,,
珍珠鸭蛋卷,其他工艺,,其他口味,,,,,,
白炒刀鱼丝,炒,初级入门,咸鲜味,消食,<30分钟,带鱼,冬菇(干)/卷心菜/鸡蛋清/火腿,食盐/味精/水淀粉/黄酒/葱姜汁/猪油(板油),1步
白烧四宝,其他工艺,,其他口味,,,,,,
鸡丝虾仁龙凤腿,其他工艺,,其他口味,,,,,,
鸡茸芦笋,其他工艺,,其他口味,,,,,,
鸡瓜菜,炒,初级入门,咸鲜味,减肥,<60分钟,鸡胸脯肉,南瓜/芦笋/黑木耳/青豆/鸡蛋清,花生油/食盐/味精/葱/姜/干辣椒/水淀粉/黄酒/白糖/芝麻油,1步
白干煮三丝,其他工艺,,其他口味,,,,,,
太湖银鱼,其他工艺,,其他口味,,,,,,
鸭血粉丝汤,煮,,家常味,,,,,,
煮糟青鱼,烧,初级入门,咸鲜味,美容,<15分钟,青鱼,火腿/香菇/冬笋/菠菜,食盐/味精/葱/姜/香糟/黄酒/猪油(板油),1步
蟹黄鱼面,其他工艺,,其他口味,,,,,,
酿鲫鱼,其他工艺,,其他口味,,,,,,
鸡汁煮干丝,其他工艺,,其他口味,,,,,,
鸭血粉丝汤,煮,新手尝试,家常味,,<10分钟,,,,
太湖银鱼,其他工艺,,其他口味,,,,,,
大煮干丝,煮,新手尝试,家常味,减肥,<15分钟,豆腐干,虾仁/金华火腿/香菇/黑木耳/鸡蛋清,食盐/鸡精/葱/姜/料酒/高汤/胡椒粉,6步
还丝汤,其他工艺,初级入门,咸鲜味,降糖,<15分钟,鳝鱼,,色拉油/食盐/姜/黄酒/小葱/白胡椒/水,1步
杏仁葛粉包,其他工艺,,其他口味,,,,,,
酿鲫鱼,其他工艺,,其他口味,,,,,,
清汤火方,其他工艺,,其他口味,,,,,,
毛绒鸭黄,其他工艺,,咸鲜味,,,,,,
杏仁葛粉包,煮,初中水平,甜味,养心,<30分钟,葛粉,花生/牛奶/猪肉/北杏仁,淀粉/白糖,1步
锅烧野鸭,其他工艺,,其他口味,,,,,,
太湖银鱼,烧,,咸鲜味,,,,,,
干烧四素,其他工艺,,其他口味,,,,,,
清炖狼山鸡,炖,,其他口味,,,,,,
沙锅蟹黄狮子头,其他工艺,,其他口味,,,,,,
虫草鱼米,其他工艺,,其他口味,,,,,,
氽脊脑,烧,初级入门,咸鲜味,降血脂,<10分钟,猪脑/猪髓,火腿/莴笋/香菇,食盐/味精/黄酒/鸡油,1步
叉烤野鸡片,烤,,其他口味,,,,,,
双色鸡粥,其他工艺,,其他口味,,,,,,
虾仁拉丝蛋,其他工艺,,其他口味,,,,,,
淡菜皱纹肉,其他工艺,,其他口味,,,,,,
清炖狼山鸡,炖,初中水平,咸鲜味,美容,,母鸡,鸡爪,食盐/姜/小葱/黄酒,1步
虾仁鳝背,其他工艺,,其他口味,,,,,,
沙锅蟹黄狮子头,其他工艺,,其他口味,,,,,,
叉烤野鸡片,烤,,其他口味,,,,,,
酸菜豆花汤,其他工艺,,其他口味,,,,,,
瓜姜鱼丝,其他工艺,,其他口味,,,,,,
淡菜皱纹肉,其他工艺,,其他口味,,,,,,
荷花白嫩鸡,其他工艺,,其他口味,,,,,,
拆烩鱼头,烩,初中水平,咸鲜味,健脑,<60分钟,鲢鱼头,,色拉油/食盐/味精/葱/姜/料酒/水淀粉/高汤,2步
长寿菜,其他工艺,,其他口味,,,,,,
沙锅蟹黄狮子头,其他工艺,,其他口味,,,,,,
三鲜冰豆腐,其他工艺,,其他口味,,,,,,
荷花白嫩鸡,蒸,初中水平,咸鲜味,补血,,母鸡,虾仁/猪肉/火腿,花生油/食盐/味精/葱/姜/淀粉/黄酒,1步
美人肝,其他工艺,,其他口味,,,,,,
淡菜皱纹肉,炸,初中水平,咸鲜味,降压,<90分钟,五花肉,淡菜/豌豆苗,食盐/酱油/味精/葱/姜/水淀粉/黄酒/白糖/高汤/猪油(板油),5步
三鲜鱼盒,其他工艺,,其他口味,,,,,,
米花鸡丁,炒,初级入门,咸鲜味,清火疗疹,<15分钟,鸡胸脯肉,粳米(标一)/牛奶/青豆/鸡蛋清,花生油/食盐/味精/水淀粉/黄酒/猪油(板油),1步
锅煎鳜鱼,煎,,其他口味,,,,,,
腐皮烩鸡丁,烩,,其他口味,,,,,,
鸡火鱼鲞,其他工艺,,其他口味,,,,,,
荔枝爆丝瓜,爆,,其他口味,,,,,,
三套鸭,砂锅,,咸鲜味,降血脂,,鸭肉/野鸭/鸽肉,香菇/火腿/冬笋,食盐/姜/料酒/笋干,4步
蜜饯捶藕,炸,初中水平,甜味,美容,<90分钟,藕,糯米/青梅/蜜枣/莲子/鸡蛋,食盐/淀粉/白糖/猪油(板油)/蜂蜜,1步
白果桂花羹,其他工艺,,其他口味,,,,,,
锅煎鳜鱼,煎,初中水平,咸鲜味,助睡眠,<30分钟,鳜鱼,鸡蛋黄,味精/葱/淀粉/番茄酱/猪网油/椒盐/黄酒/菜籽油,1步
美炸眉卷,其他工艺,,其他口味,,,,,,
玛瑙鸡片,其他工艺,,其他口味,,,,,,
葫芦虾蟹,其他工艺,,其他口味,,,,,,
鸡火鱼鲞,其他工艺,,其他口味,,,,,,
荔枝爆丝瓜,爆,,其他口味,,,,,,
烧生巧,其他工艺,,其他口味,,,,,,
网油蚝豉,其他工艺,,其他口味,,,,,,
白果桂花羹,其他工艺,,其他口味,,,,,,
芦姜炒鸡片,炒,,其他口味,,,,,,
大烧马鞍桥,扒,初中水平,咸鲜味,降糖,<60分钟,鳝鱼,青蒜/猪腿肉,食盐/酱油/姜/料酒/香醋/香油/大蒜/糖色/小葱/白砂糖/胡椒粉/蚕豆淀粉/猪油(板油),12步
香菜梗炒肚丝,炒,,其他口味,,,,,,
荔枝爆丝瓜,爆,,其他口味,,,,,,
椒雪肉片,其他工艺,,其他口味,,,,,,
春笋白拌鸡,拌,,其他口味,,,,,,
牡丹鲈鱼,其他工艺,,其他口味,,,,,,
宁式蟮丝,其他工艺,,其他口味,,,,,,
白果桂花羹,其他工艺,,其他口味,,,,,,
芦姜炒鸡片,炒,,其他口味,,,,,,
红果拌梨丝,拌,,其他口味,,,,,,
金陵盐水鸭,其他工艺,,其他口味,,,,,,
脆皮香蕉卷,其他工艺,,其他口味,,,,,,
春笋白拌鸡,拌,初级入门,咸鲜味,美容,<10分钟,母鸡,春笋,食盐/酱油/醋/味精/葱/姜/黄酒/芝麻油/白糖,1步
甫里鸭羹,其他工艺,,其他口味,,,,,,
枣方肉,其他工艺,,其他口味,,,,,,
虫草炖甲鱼,炖,,其他口味,,,,,,
拆烩鲢鱼头,烩,,其他口味,,,,,,
网包鳜鱼,其他工艺,,其他口味,,,,,,
清蒸鲥鱼,蒸,,其他口味,,,,,,
冰糖枣方肉,其他工艺,,其他口味,,,,,,
杞子炖鹌鹑,炖,,其他口味,,,,,,
苏造肉,其他工艺,,其他口味,,,,,,
甫里鸭羹,焖,初中水平,咸鲜味,降糖,<30分钟,鸭肉,火腿/猪蹄筋/干贝/河虾/山药/香菇/鱼丸/荠菜/黄酒,食盐/葱/姜,1步
彭城鱼丸,煮,初中水平,咸鲜味,明目,<30分钟,鲤鱼/猪肉,粉丝/油菜苔/火腿/鸡蛋清/冬菇(干),水,4步
文思豆腐,其他工艺,,其他口味,,,,,,
冰糖排马面,其他工艺,,其他口味,,,,,,
豆苗山鸡片,炒,初级入门,咸鲜味,清火疗疹,<15分钟,鸡胸脯肉,豌豆苗/冬笋/鸡蛋清,花生油/食盐/酱油/味精/香醋/水淀粉/黄酒/芝麻油/白糖,1步
白扒猴头,扒,,其他口味,,,,,,
网包鳜鱼,蒸,初中水平,咸鲜味,脂肪肝,<60分钟,鳜鱼,冬菇(干)/火腿,色拉油/食盐/味精/葱/黄酒/姜汁,2步
锅贴山鸡,其他工艺,,其他口味,,,,,,
糖醋小萝卜,其他工艺,,酸甜味,,,,,,
琥珀莲子,其他工艺,,其他口味,,,,,,
油焖鲜笋,焖,,咸鲜味,,,,,,
香炸金片,其他工艺,,其他口味,,,,,,
鲜蛏黄瓜萝卜泥,其他工艺,,其他口味,,,,,,
天下第一鲜,其他工艺,,其他口味,,,,,,
荷叶鸡,其他工艺,,其他口味,,,,,,
跳竹蛏,其他工艺,,其他口味,,,,,,
酿鲫鱼,其他工艺,,其他口味,,,,,,
酒蒸全鸡汤,蒸,,其他口味,,,,,,
镜箱豆腐,其他工艺,,其他口味,,,,,,
生炒鳝片,炒,,其他口味,,,,,,
氽鸡蓉豌豆,其他工艺,,其他口味,,,,,,
大煮干丝,煮,,咸鲜味,美容,,豆腐皮,火腿/鸡胗/虾仁/豌豆苗/冬笋/鸡蛋清/鸡肉/鸡肝/虾米,酱油/淀粉/猪油(板油)/高汤,3步
凤丝仙人掌,其他工艺,,其他口味,,,,,,
三椒魔芋啤酒鸡,其他工艺,,其他口味,,,,,,
千岛湖红烧鱼头,烧,,家常味,,,,,,
白果桂花羹,其他工艺,,其他口味,,,,,,
凉瓜河鲜虾,其他工艺,,其他口味,,,,,,
无锡嫩子排,其他工艺,,其他口味,,,,,,
文思豆腐羹,其他工艺,,其他口味,,,,,,
虫草炖甲鱼,炖,,其他口味,,,,,,
苏式熏鱼,熏,,其他口味,,,,,,
荷叶粉蒸鸡,蒸,,其他口味,,,,,,
苕菜狮子头,其他工艺,,其他口味,,,,,,
芙蓉银鱼,其他工艺,,其他口味,,,,,,
冬瓜菊,其他工艺,,其他口味,,,,,,
鸡油菜心,其他工艺,,其他口味,,,,,,
酥炸桃仁,其他工艺,,其他口味,,,,,,
酒风猪肝,其他工艺,,其他口味,,,,,,
桂花干贝,其他工艺,,其他口味,,,,,,
瓜脯肉,其他工艺,,其他口味,,,,,,
太湖脆鳝,其他工艺,,其他口味,,,,,,
水晶肴肉,煮,,咸鲜味,养心,,猪蹄,,葱/姜/料酒/粗盐,2步
扒方肉,扒,,其他口味,,,,,,
芙蓉银鱼,其他工艺,,其他口味,,,,,,
碧绿蹄筋,其他工艺,,其他口味,,,,,,
水晶肴蹄,其他工艺,,其他口味,,,,,,
宁式鳝鱼,其他工艺,,其他口味,,,,,,
蜜枣桂鱼,其他工艺,,其他口味,,,,,,
镇江肴肉,其他工艺,,其他口味,,,,,,
鸡茸玉米,其他工艺,,其他口味,,,,,,
清蒸鲩鱼,蒸,,其他口味,,,,,,
黄油焖乳鸽,焖,,其他口味,,,,,,
香炸鹌鹑,其他工艺,,其他口味,,,,,,
红烧栗子鸡,烧,,其他口味,,,,,,
苏州西瓜鸡,其他工艺,,其他口味,,,,,,
凤裙争鲜,其他工艺,,其他口味,,,,,,
无锡肉骨头,其他工艺,,其他口味,,,,,,
醉蟹清炖鸡,炖,,其他口味,,,,,,
咖喱鸡翅,焖,,咖喱味,,,,,,
虾蟹菠萝,其他工艺,,其他口味,,,,,,
叉烧鸭子,其他工艺,,其他口味,,,,,,
蟹粉豆腐羹,其他工艺,,其他口味,,,,,,
奶油烤菠萝什锦,烤,,其他口味,,,,,,
炒蟹粉,炒,,其他口味,,,,,,
凤翼蒸花菇,蒸,,其他口味,,,,,,
家乡屈鸡,其他工艺,,其他口味,,,,,,
仙鹤望金桥,其他工艺,,其他口味,,,,,,
椰香咖喱鸡,其他工艺,,咖喱味,,,,,,
南京盐水鸭,其他工艺,,其他口味,,,,,,
云腿鸽子汤,蒸,,咸鲜味,,,,,,
肉珠烩豌豆,烩,,咸鲜味,,,,,,
冷冻鸭掌,其他工艺,,其他口味,,,,,,
紫苏梅鸡,其他工艺,,其他口味,,,,,,
荞麦面扒糕,扒,,其他口味,,,,,,
宝箱豆腐,其他工艺,,其他口味,,,,,,
枣香丝糕,其他工艺,,其他口味,,,,,,
酱汁烤鳗,酱,,其他口味,,,,,,
碧绿蹄筋,其他工艺,,其他口味,,,,,,
蟹肉扒翅,扒,,其他口味,,,,,,
芋头饺,其他工艺,,其他口味,,,,,,
淡菜皱纹肉,其他工艺,,其他口味,,,,,,
蚝油大鲍片,其他工艺,,其他口味,,,,,,
芙蓉海底,其他工艺,,其他口味,,,,,,
蛤蜊浓汤面,其他工艺,,其他口味,,,,,,
双色鸡块,其他工艺,,其他口味,,,,,,
淮鱼干丝,其他工艺,,其他口味,,,,,,
黄焖鳗,焖,,其他口味,,,,,,
凉瓜河鲜虾(图),其他工艺,,其他口味,,,,,,
兰花排骨,其他工艺,,其他口味,,,,,,
鏊锅油鸡,蒸,初中水平,咸鲜味,,<60分钟,母鸡,,食盐/酱油/葱/姜/八角/桂皮/茴香/黄酒/菜籽油,1步
元蹄焖乌参,焖,,其他口味,,,,,,
自制代茶饮,其他工艺,,其他口味,,,,,,
一品鲜虾菜,其他工艺,,其他口味,,,,,,
腐皮肉卷,其他工艺,,其他口味,,,,,,
醉蟹清炖鸡,炖,,其他口味,,,,,,
爆目鱼花,爆,,其他口味,,,,,,
脆皮卷,其他工艺,,其他口味,,,,,,
太湖脆鳝,其他工艺,,其他口味,,,,,,
松鼠厥鱼,其他工艺,,其他口味,,,,,,
油爆虾,爆,,咸鲜味,安神,,虾,,酱油/姜/料酒/白糖/小葱/五香粉,3步
拆骨掌翅,焖,初中水平,咸鲜味,美容,<60分钟,鸡翅/鸡爪,香菜,酱油/味精/香醋/黄酒/白糖/芝麻油,1步
虾仁莼菜汤,其他工艺,,其他口味,,,,,,
烩虾仁,烩,,其他口味,,,,,,
炖菜核,炖,,其他口味,,,,,,
炒虾蟹,炒,初级入门,咸鲜味,安神,<15分钟,河虾/大闸蟹,,色拉油/食盐/水淀粉/橄榄油/白糖,6步
鱼羊鲜,其他工艺,,其他口味,,,,,,
蛋梅鸡,煎,初中水平,咸鲜味,抗衰老,<60分钟,母鸡,鸡蛋/火腿/鸡胗/虾仁/虾/冬菇(干)/莴笋/油菜苔,花生油/食盐/酱油/葱/姜/白糖/黄酒,1步
芙蓉海底,其他工艺,,其他口味,,,,,,
早红桔酪鸡,其他工艺,,其他口味,,,,,,
鸡茸玉米,其他工艺,,其他口味,,,,,,
清烩鲈鱼片,烩,初级入门,咸鲜味,减肥,<30分钟,鲈鱼,荸荠/黑木耳/韭黄/鸡蛋清,食盐/葱/姜/水淀粉/黄酒/胡椒粉/芝麻油/猪油(板油),1步
糖醋瓦块鱼,其他工艺,,酸甜味,,,,,,
白果芋泥,其他工艺,,其他口味,,,,,,
美人肝,其他工艺,,其他口味,,,,,,
渔家红薯条,其他工艺,,其他口味,,,,,,
炒蟹粉,炒,,其他口味,,,,,,
翡翠鲍鱼,其他工艺,,其他口味,,,,,,
元蹄焖乌参,焖,,其他口味,,,,,,
栗子焖羊肉,焖,,其他口味,,,,,,
芦姜炒鸡片,炒,,其他口味,,,,,,
雪花蟹斗,其他工艺,,其他口味,,,,,,
松仁鸡米花,其他工艺,,其他口味,,,,,,
百花酒焖肉,焖,,其他口味,,,,,,
拔丝什锦山药,拔丝,,其他口味,,,,,,
龙须鱼面,其他工艺,,其他口味,,,,,,
熟抢鳝鱼尾,其他工艺,,其他口味,,,,,,
桂花糖大栗1,其他工艺,,其他口味,,,,,,
砂锅豆腐,砂锅,,咸鲜味,,,,,,
松鼠鳃鱼,其他工艺,,其他口味,,,,,,
黄泥煨鸡,其他工艺,,其他口味,,,,,,
将军过桥,煮,初中水平,咸鲜味,安神,<60分钟,乌鳢,冬笋/油菜苔/冬菇(干)/火腿/鸡蛋清/虾,色拉油/食盐/黄酒/水,1步
双皮刀鱼,其他工艺,,其他口味,,,,,,
桂花干贝,其他工艺,,其他口味,,,,,,
琥珀莲子,焖,初中水平,甜味,强健身体,,莲子,桂圆,冰糖/猪油(板油)/糖桂花/碱,3步
大烧马鞍桥,扒,,其他口味,,,,,,
无锡肉骨头,其他工艺,,其他口味,,,,,,
清炖兔子,炖,,其它口味,,,,,,
鱼羊鲜,烧,,咸鲜味,,,,,,
梁溪脆鳝,其他工艺,,其他口味,,,,,,
黄焖鳗,焖,,其他口味,,,,,,
凤裙争鲜,其他工艺,,其他口味,,,,,,
香橙鸡盏,其他工艺,,其他口味,,,,,,
清炖鸡孚,炖,,其他口味,,,,,,
盐水鸭,其他工艺,,咸鲜味,,,,,,
鸡油菜心,其他工艺,,其他口味,,,,,,
松鼠鳃鱼,其他工艺,,其他口味,,,,,,
荷花白嫩鸡,其他工艺,,其他口味,,,,,,
香辣砂锅豆腐,砂锅,初级入门,香辣味,软化血管,<15分钟,豆腐,粉丝,葱/姜/蒜/八角/花椒/干辣椒/香叶/辣椒酱/浓汤宝,2步
夏果龙虾球,其他工艺,,其他口味,,,,,,
蛙式黄鱼,炸,初中水平,咸鲜味,美容,<30分钟,黄鱼,冬菇(干)/菠菜/鸡蛋,花生油/食盐/葱/姜/香醋/淀粉/水淀粉/番茄酱/红椒/黄酒/白糖,3步
金蒜银鱼蒸菜心,蒸,,其他口味,,,,,,
醉鹅掌,其他工艺,,其他口味,,,,,,
涟水鸡糕,蒸,初中水平,咸鲜味,清火疗疹,<60分钟,鸡胸脯肉/猪肉,鳜鱼/樱桃/油菜苔/冬菇(干)/鸡蛋黄/鸡蛋清/豌豆淀粉,食盐/味精/葱姜汁/黄酒,1步
拔丝什锦山药,拔丝,,其他口味,,,,,,
瓜仁西葫芦,其他工艺,,其他口味,,,,,,
清汤金钱鱿鱼,其他工艺,,其他口味,,,,,,
文思豆腐,其他工艺,,其他口味,,,,,,
辣汁三文鱼,其他工艺,,其他口味,,,,,,
黄焖着甲,焖,初级入门,咸鲜味,减肥,<60分钟,甲鱼,猪大骨头/猪肉/冬笋/冬菇(干)/山药/蒜/黄酒,食盐/酱油/冰糖/葱/姜/淀粉/芝麻油,1步
冬瓜四灵,其他工艺,,其他口味,,,,,,
无锡嫩子排,其他工艺,,其他口味,,,,,,
炖菜核,炖,,其他口味,,,,,,
白鲞玉脂,其他工艺,,咸鲜味,,,,,,
水晶虾饼,煎,初中水平,咸鲜味,明目,<10分钟,芹菜/面粉,胡萝卜/虾仁,色拉油/食盐/水/椒盐,6步
纸包柠檬烤鱼,烤,,其他口味,,,,,,
油爆虾,爆,初级入门,咸鲜味,,<15分钟,海虾,,姜/蒜/料酒/生抽/香醋/白糖/胡椒粉/香菜,5步
冬茸鱼片汤,其他工艺,,其他口味,,,,,,
清炖鸡孚1,炖,,其他口味,,,,,,
葫芦虾蟹,其他工艺,,其他口味,,,,,,
红酒煨鸡翅,烧,,其它口味,,,,,,
豆沙凉糕,其他工艺,,其他口味,,,,,,
青鱼甩水,其他工艺,,其他口味,,,,,,
蟹肉扒翅,扒,,其他口味,,,,,,
藕粉圆子,煮,初中水平,甜味,美容,<60分钟,藕粉,红绿丝/金桔/蜜枣/桃仁/松子仁,色拉油/绵白糖/桂花,1步
千岛湖红烧鱼头,烧,,其他口味,,,,,,
三宝芙蓉蛋,其他工艺,,其他口味,,,,,,
羊方藏鱼,其他工艺,,其他口味,,,,,,
红烧沙光鱼,烧,初中水平,其他口味,,<30分钟,沙光鱼,,花生油/食盐/酱油/葱/姜/香醋/黄酒/白糖/芝麻油,1步
拆冻鲫鱼,其他工艺,,其他口味,,,,,,
虎皮梳子肉,其他工艺,,其他口味,,,,,,
盐水虾,煮,,咸鲜味,,,,,,
腊味饭,焖,,其它口味,,,,,,
百果玫瑰球,其他工艺,,其他口味,,,,,,
蓉海底松,其他工艺,,其他口味,,,,,,
香芋烧竹鸡,其他工艺,,其他口味,,,,,,
豆面糕,其他工艺,,其他口味,,,,,,
产妇食谱----温拌肉丝菠菜,拌,,其他口味,,,,,,
三丝燕菜,其他工艺,,其他口味,,,,,,
金陵盐水鸭,其他工艺,,其他口味,,,,,,
梨花豆腐汤,其他工艺,,其他口味,,,,,,
五丁鱼圆,煮,初中水平,咸鲜味,通便排毒,,鱼肉,火腿/冬菇(干)/莴笋/鸡蛋清/青豆,食盐/味精,3步
清汤琵琶虾,其他工艺,,其他口味,,,,,,
素鳗,其他工艺,,其他口味,,,,,,
酸菜豆花汤,其他工艺,,其他口味,,,,,,
松鼠鳜鱼,炸,初中水平,酸甜味,降血脂,<60分钟,鳜鱼,河虾/春笋/荷兰豆/香菇,食盐/番茄酱/白糖,3步
珊瑚桂鱼,其他工艺,,其他口味,,,,,,
红果拌梨丝,拌,,其他口味,,,,,,
腐皮肉卷,其他工艺,,其他口味,,,,,,
鲜豆腐皮炒青蟹肉,炒,,其他口味,,,,,,
海带芽什蔬汤,其他工艺,,其他口味,,,,,,
双皮刀鱼,其他工艺,,其他口味,,,,,,
龙凤腿,其他工艺,,其他口味,,,,,,
挂炉烤鸭,烤,,其他口味,,,,,,
黄油焖乳鸽,焖,,其他口味,,,,,,
炒鸡脑,炒,,其他口味,,,,,,
拔丝楂糕,拔丝,初中水平,酸甜味,美容,<30分钟,山楂,芝麻/鸡蛋,花生油/水淀粉/面粉/白糖/糖桂花,1步
雪花蟹斗,其他工艺,,其他口味,,,,,,
肴肉,其他工艺,,其他口味,,,,,,
淮杞炖狮子头,炖,,其他口味,,,,,,
荷花集锦炖,炖,,其他口味,,,,,,
凤翼蒸花菇,蒸,,其他口味,,,,,,
母油船鸭,其他工艺,,其他口味,,,,,,
酿杂烩,烩,,其他口味,,,,,,
一品鲜虾菜,其他工艺,,其他口味,,,,,,
青蒜爆鱿花,爆,,其他口味,,,,,,
冻鸭1,其他工艺,,其他口味,,,,,,
冷冻鸭掌,其他工艺,,其他口味,,,,,,
红烧海鲜参,烧,,酱香味,,,,,,
清蒸鲩鱼,蒸,,其他口味,,,,,,
金陵圆子,焖,,咸鲜味,,,,,,1步
鲜蛏黄瓜萝卜泥,其他工艺,,其他口味,,,,,,
三丝燕菜,蒸,初级入门,咸鲜味,美容养颜,<30分钟,燕窝/鸡腿,火腿/冬菇(干),清汤,4步
野鸭菜饭,焖,初中水平,咸鲜味,强健身体,,野鸭/母鸡/大米,鸭胗/五花肉/荠菜/冬笋/油菜苔/火腿,猪油(板油),1步
黄油两吃,其他工艺,,其他口味,,,,,,
滑炒蛤蜊马蹄,炒,,其他口味,,,,,,
白鲞玉脂,其他工艺,,咸鲜味,,,,,,
炸禾花雀,其他工艺,,其他口味,,,,,,
红炖腐皮鸭,炖,,其他口味,,,,,,
生煎杭椒,煎,,其他口味,,,,,,
全家富,其他工艺,,其他口味,,,,,,
鳝鱼凉粉,其他工艺,,其他口味,,,,,,
火踵鱼翅,其他工艺,,其他口味,,,,,,
蒸三片,蒸,,其他口味,,,,,,
金蒜银鱼蒸菜心,蒸,,其他口味,,,,,,
三套鸭,焖,初中水平,咸鲜味,通便排毒,<90分钟,鸭肉/乳鸽,冬菇(干)/野鸭/火腿/莴笋,食盐/葱/姜/黄酒,4步
魔芋炖鸡肉,炖,,其他口味,,,,,,
瓜仁西葫芦,其他工艺,,其他口味,,,,,,
孔雀黄焖鳗,焖,,其他口味,,,,,,
小笼汤包,蒸,,咸鲜味,,,,,,
泡菜肉酱拌豆腐,拌,,其他口味,,,,,,
玛瑙鸡片,其他工艺,,其他口味,,,,,,
鱼头冻豆腐,其他工艺,,其他口味,,,,,,
寿星水鱼,其他工艺,,其他口味,,,,,,
素鳗,其他工艺,,其他口味,,,,,,
秘制肉骨煲,其他工艺,,其他口味,,,,,,
大煮干丝,煮,,其它口味,,,,,,
红酒煨鸡翅,烧,,其它口味,,,,,,
炝蛏鼻,炝,,其他口味,,,,,,
碧螺春水烧豆腐,其他工艺,,咸鲜味,,,,,,
三丝鱼卷,蒸,初级入门,咸鲜味,降三高,<30分钟,草鱼,香菇/火腿/笋干/食盐/味精/姜/姜汁/葱/猪油(板油)/淀粉/水淀粉,,4步
苦瓜蒸仔鸡,蒸,,苦香味,,,,,,
豆茸酿枇杷,蒸,初中水平,甜味,强健身体,<60分钟,枇杷,豆沙/松子仁/樱桃,淀粉/猪油(板油)/白糖/糖桂花/水,2步
水晶肴肉,卤,中级掌勺,咸鲜味,养心,,猪蹄,,食盐/葱/姜/八角/花椒/桂皮/料酒/香料,3步
糖醋黄河鲤鱼,炸,初中水平,酸甜味,明目,<30分钟,鲤鱼,水淀粉,酱油/醋/葱/姜/蒜/白糖/清汤,3步
