百合田鸡,,,其他口味,,,,,
翡翠鲍鱼,,,其他口味,,,,,
百合田鸡,,,其他口味,,,,,
镜箱豆腐,,,其他口味,,,,,
清炖狮子头,,,咸鲜味,,,,,
镜箱豆腐,,,其他口味,,,,,
清炖狮子头,,,咸鲜味,,,,,
香炸银鱼,,,其他口味,,,,,
天下第一菜,,,其他口味,,,,,
香炸银鱼,,初级入门,咸鲜味,,<10分钟,,,
天下第一菜,,,其他口味,,,,,
珍珠鸭蛋卷,,,其他口味,,,,,
鸡茸芦笋,,,其他口味,,,,,
珍珠鸭蛋卷,,,其他口味,,,,,
鸡茸芦笋,,,其他口味,,,,,
珍珠鸭蛋卷,,,其他口味,,,,,
鸡茸芦笋,,,其他口味,,,,,
太湖银鱼,,,其他口味,,,,,
酿鲫鱼,,,其他口味,,,,,
太湖银鱼,,,其他口味,,,,,
酿鲫鱼,,,其他口味,,,,,
太湖银鱼,,,咸鲜味,,,,,
沙锅蟹黄狮子头,,,其他口味,,,,,
淡菜皱纹肉,,,其他口味,,,,,
沙锅蟹黄狮子头,,,其他口味,,,,,
淡菜皱纹肉,,,其他口味,,,,,
沙锅蟹黄狮子头,,,其他口味,,,,,
淡菜皱纹肉,,初中水平,咸鲜味,,<90分钟,,,
荔枝爆丝瓜,,,其他口味,,,,,
白果桂花羹,,,其他口味,,,,,
荔枝爆丝瓜,,,其他口味,,,,,
白果桂花羹,,,其他口味,,,,,
荔枝爆丝瓜,,,其他口味,,,,,
白果桂花羹,,,其他口味,,,,,
脆皮香蕉卷,,,其他口味,,,,,
拆烩鲢鱼头,,,其他口味,,,,,
脆皮香蕉卷,,,其他口味,,,,,
拆烩鲢鱼头,,,其他口味,,,,,
脆皮香蕉卷,,,其他口味,,,,,
拆烩鲢鱼头,,,咸鲜味,,,,,
松鼠桂鱼,,,其他口味,,,,,
水八块,,,其他口味,,,,,
松鼠桂鱼,,,其他口味,,,,,
水八块,,,其他口味,,,,,
松鼠桂鱼,,,其他口味,,,,,
水八块,,,其他口味,,,,,
三鲜珍珠丸,,,其他口味,,,,,
红烧狼山鸡,,,其他口味,,,,,
三鲜珍珠丸,,,其他口味,,,,,
红烧狼山鸡,,,其他口味,,,,,
三鲜珍珠丸,,,其他口味,,,,,
红烧狼山鸡,,,其他口味,,,,,
菊叶玉板,,,其他口味,,,,,
虾仁猴头,,,其他口味,,,,,
菊叶玉板,,,其他口味,,,,,
虾仁猴头,,,其他口味,,,,,
菊叶玉板,,,其他口味,,,,,
虾仁猴头,,,其他口味,,,,,
夜来香氽鸡片,,,其他口味,,,,,
山鸡塌,,,其他口味,,,,,
夜来香氽鸡片,,,其他口味,,,,,
山鸡塌,,,其他口味,,,,,
夜来香氽鸡片,,初中水平,咸鲜味,,<10分钟,,,
山鸡塌,,初中水平,咸鲜味,,<60分钟,,,
脱壳鳜鱼,,,其他口味,,,,,
银丝长鱼,,,其他口味,,,,,
脱壳鳜鱼,,,其他口味,,,,,
银丝长鱼,,,其他口味,,,,,
脱壳鳜鱼,,初中水平,咸鲜味,,<60分钟,,,
银丝长鱼,,初级入门,咸鲜味,,<30分钟,,,
白煨脐门,,,其他口味,,,,,
叉烤鳜鱼,,,其他口味,,,,,
白煨脐门,,,其他口味,,,,,
叉烤鳜鱼,,,其他口味,,,,,
鸡丝虾仁龙凤腿,,,其他口味,,,,,
鸭血粉丝汤,,,家常味,,,,,
鸭血粉丝汤,,新手尝试,家常味,,<10分钟,,,
杏仁葛粉包,,,其他口味,,,,,
杏仁葛粉包,,初中水平,甜味,,<30分钟,,,
清炖狼山鸡,,,其他口味,,,,,
叉烤野鸡片,,,其他口味,,,,,
清炖狼山鸡,,初中水平,咸鲜味,,,,,
叉烤野鸡片,,,其他口味,,,,,
荷花白嫩鸡,,,其他口味,,,,,
荷花白嫩鸡,,初中水平,咸鲜味,,,,,
锅煎鳜鱼,,,其他口味,,,,,
鸡火鱼鲞,,,其他口味,,,,,
锅煎鳜鱼,,初中水平,咸鲜味,,<30分钟,,,
鸡火鱼鲞,,,其他口味,,,,,
芦姜炒鸡片,,,其他口味,,,,,
春笋白拌鸡,,,其他口味,,,,,
芦姜炒鸡片,,,其他口味,,,,,
春笋白拌鸡,,初级入门,咸鲜味,,<10分钟,,,
甫里鸭羹,,,其他口味,,,,,
网包鳜鱼,,,其他口味,,,,,
甫里鸭羹,,初中水平,咸鲜味,,<30分钟,,,
网包鳜鱼,,初中水平,咸鲜味,,<60分钟,,,
锅贴山鸡,,,其他口味,,,,,
圆盅炖鸡,,,其他口味,,,,,
锅贴山鸡,,,其他口味,,,,,
圆盅炖鸡,,,其他口味,,,,,
母油船鸭,,,其他口味,,,,,
麻花野鸡,,初中水平,咸鲜味,,<30分钟,,,
母油船鸭,,初中水平,咸鲜味,,<60分钟,,,
麻花野鸡,,,其他口味,,,,,
酥桔元,,初中水平,甜味,,<60分钟,,,
香炸云雾,,,其他口味,,,,,
熟抢虾仁,,,其他口味,,,,,
饼子野鸭,,,其他口味,,,,,
梁溪脆鳝,,,其他口味,,,,,
叉烤酥方,,初中水平,咸鲜味,,,,,
卤汁冬菇,,,其他口味,,,,,
三丝炒鸽松,,初中水平,咸鲜味,,<30分钟,,,
砂仁蒸猪腰,,,其他口味,,,,,
南林香鸭,,,其他口味,,,,,
龙井菊花回鱼,,,其他口味,,,,,
清汤琵琶虾,,,其他口味,,,,,
百花酒焖肉,,,其他口味,,,,,
烩鲫鱼舌头,,,其他口味,,,,,
白玉扣瑶柱,,,咸鲜味,,,,,
冻鸭,,,其他口味,,,,,
拌脆鳝,,,其他口味,,,,,
炖晌溲,,初中水平,咸鲜味,,,,,
莼菜氽塘鱼片,,初级入门,咸鲜味,,<30分钟,,,
拌鸡冠肚皮,,,其他口味,,,,,
无锡酱排,,,其他口味,,,,,
油焐脆皮鸭,,初中水平,咸鲜味,,,,,
红松鳜鱼,,初中水平,咸鲜味,,<30分钟,,,
香馓黄金贝,,,咸鲜味,,,,,
龙肝凤脑,,初中水平,咸鲜味,,<60分钟,,,
寿星水鱼,,,其他口味,,,,,
锡纸八宝回鱼,,,其他口味,,,,,
干菜肥鸭,,,其他口味,,,,,
纸包明虾,,,其他口味,,,,,
鸡瓜菜,,初级入门,咸鲜味,,<60分钟,,,
煮糟青鱼,,初级入门,咸鲜味,,<15分钟,,,
鸡汁煮干丝,,,其他口味,,,,,
还丝汤,,初级入门,咸鲜味,,<15分钟,,,
毛绒鸭黄,,,咸鲜味,,,,,
干烧四素,,,其他口味,,,,,
氽脊脑,,初级入门,咸鲜味,,<10分钟,,,
双色鸡粥,,,其他口味,,,,,
虾仁鳝背,,,其他口味,,,,,
瓜姜鱼丝,,,其他口味,,,,,
长寿菜,,,其他口味,,,,,
美人肝,,,其他口味,,,,,
三鲜鱼盒,,,其他口味,,,,,
腐皮烩鸡丁,,,其他口味,,,,,
蜜饯捶藕,,初中水平,甜味,,<90分钟,,,
玛瑙鸡片,,,其他口味,,,,,
烧生巧,,,其他口味,,,,,
大烧马鞍桥,,初中水平,咸鲜味,,<60分钟,,,
椒雪肉片,,,其他口味,,,,,
宁式蟮丝,,,其他口味,,,,,
红果拌梨丝,,,其他口味,,,,,
虫草炖甲鱼,,,其他口味,,,,,
冰糖枣方肉,,,其他口味,,,,,
彭城鱼丸,,初中水平,咸鲜味,,<30分钟,,,
冰糖排马面,,,其他口味,,,,,
琥珀莲子,,,其他口味,,,,,
酒凝金腿,,,其他口味,,,,,
炖菜核,,,其他口味,,,,,
贡淡炖鸭,,初中水平,咸鲜味,,<60分钟,,,
白酥鸡,,初中水平,咸鲜味,,<60分钟,,,
松鼠厥鱼,,,其他口味,,,,,
风蹄,,,其他口味,,,,,
泡糖蒜,,,蒜香味,,,,,
松子熏肉,,,其他口味,,,,,
鸡茸干贝,,初级入门,咸鲜味,,<30分钟,,,
百果玫瑰球,,,其他口味,,,,,
金陵烤鸭,,初中水平,咸鲜味,,<60分钟,,,
香芋烧竹鸡,,初级入门,咸鲜味,,<30分钟,,,
芙蓉青口贝,,,咸鲜味,,,,,
炸肉千,,,其他口味,,,,,
水晶虾饼,,,其他口味,,,,,
豆乳冻,,,其他口味,,,,,
气锅滑嫩丸子,,,其他口味,,,,,
红烧鲥鱼,,,其他口味,,,,,
清汤秃肺,,,其他口味,,,,,
蟹斗扣鲍脯,,,其他口味,,,,,
绿叶豆腐羹,,,咸鲜味,,,,,
刺猬圆子,,初中水平,咸鲜味,,<30分钟,,,
玛瑙鸭舌,,,其他口味,,,,,
生醉蟹油拌佛手海蜇皮,,,其他口味,,,,,
清炖鸡孚,,初级入门,咸鲜味,,<30分钟,,,
掌珠竹荪翅,,,其他口味,,,,,
眉炸梅卷,,,其他口味,,,,,
清炖硕鸭,,,其他口味,,,,,
五子蒸鸡,,,其他口味,,,,,
白炒刀鱼丝,,初级入门,咸鲜味,,<30分钟,,,
白烧四宝,,,其他口味,,,,,
白干煮三丝,,,其他口味,,,,,
蟹黄鱼面,,,其他口味,,,,,
大煮干丝,,新手尝试,家常味,,<15分钟,,,
清汤火方,,,其他口味,,,,,
锅烧野鸭,,,其他口味,,,,,
虫草鱼米,,,其他口味,,,,,
虾仁拉丝蛋,,,其他口味,,,,,
酸菜豆花汤,,,其他口味,,,,,
拆烩鱼头,,初中水平,咸鲜味,,<60分钟,,,
三鲜冰豆腐,,,其他口味,,,,,
米花鸡丁,,初级入门,咸鲜味,,<15分钟,,,
三套鸭,,,咸鲜味,,,,,
美炸眉卷,,,其他口味,,,,,
葫芦虾蟹,,,其他口味,,,,,
网油蚝豉,,,其他口味,,,,,
香菜梗炒肚丝,,,其他口味,,,,,
牡丹鲈鱼,,,其他口味,,,,,
金陵盐水鸭,,,其他口味,,,,,
枣方肉,,,其他口味,,,,,
清蒸鲥鱼,,,其他口味,,,,,
苏造肉,,,其他口味,,,,,
白扒猴头,,,其他口味,,,,,
油焖鲜笋,,,咸鲜味,,,,,
天下第一鲜,,,其他口味,,,,,
酒蒸全鸡汤,,,其他口味,,,,,
苕菜狮子头,,,其他口味,,,,,
酥炸桃仁,,,其他口味,,,,,
扒方肉,,,其他口味,,,,,
宁式鳝鱼,,,其他口味,,,,,
鸡茸玉米,,,其他口味,,,,,
香炸鹌鹑,,,其他口味,,,,,
杞子炖鹌鹑,,,其他口味,,,,,
文思豆腐,,,其他口味,,,,,
豆苗山鸡片,,初级入门,咸鲜味,,<15分钟,,,
糖醋小萝卜,,,酸甜味,,,,,
鲜蛏黄瓜萝卜泥,,,其他口味,,,,,
跳竹蛏,,,其他口味,,,,,
生炒鳝片,,,其他口味,,,,,
氽鸡蓉豌豆,,,其他口味,,,,,
大煮干丝,,,咸鲜味,,,,,
凤丝仙人掌,,,其他口味,,,,,
三椒魔芋啤酒鸡,,,其他口味,,,,,
千岛湖红烧鱼头,,,家常味,,,,,
无锡嫩子排,,,其他口味,,,,,
百合田鸡,,,其他口味,,,
翡翠鲍鱼,,,其他口味,,,
百合田鸡,,,其他口味,,,
镜箱豆腐,,,其他口味,,,
清炖狮子头,,,咸鲜味,,,
镜箱豆腐,,,其他口味,,,
清炖狮子头,,,咸鲜味,,,
香炸银鱼,,,其他口味,,,
天下第一菜,,,其他口味,,,
百合田鸡,,,其他口味,,,
翡翠鲍鱼,,,其他口味,,,
百合田鸡,,,其他口味,,,
镜箱豆腐,,,其他口味,,,
清炖狮子头,,,咸鲜味,,,
镜箱豆腐,,,其他口味,,,
清炖狮子头,,,咸鲜味,,,
香炸银鱼,,,其他口味,,,
天下第一菜,,,其他口味,,,
香炸银鱼,,初级入门,咸鲜味,,<10分钟,
天下第一菜,,,其他口味,,,
珍珠鸭蛋卷,,,其他口味,,,
鸡茸芦笋,,,其他口味,,,
珍珠鸭蛋卷,,,其他口味,,,
鸡茸芦笋,,,其他口味,,,
珍珠鸭蛋卷,,,其他口味,,,
鸡茸芦笋,,,其他口味,,,
太湖银鱼,,,其他口味,,,
酿鲫鱼,,,其他口味,,,
太湖银鱼,,,其他口味,,,
酿鲫鱼,,,其他口味,,,
太湖银鱼,,,咸鲜味,,,
沙锅蟹黄狮子头,,,其他口味,,,
淡菜皱纹肉,,,其他口味,,,
沙锅蟹黄狮子头,,,其他口味,,,
淡菜皱纹肉,,,其他口味,,,
沙锅蟹黄狮子头,,,其他口味,,,
淡菜皱纹肉,,初中水平,咸鲜味,,<90分钟,
荔枝爆丝瓜,,,其他口味,,,
白果桂花羹,,,其他口味,,,
荔枝爆丝瓜,,,其他口味,,,
白果桂花羹,,,其他口味,,,
荔枝爆丝瓜,,,其他口味,,,
白果桂花羹,,,其他口味,,,
脆皮香蕉卷,,,其他口味,,,
拆烩鲢鱼头,,,其他口味,,,
脆皮香蕉卷,,,其他口味,,,
拆烩鲢鱼头,,,其他口味,,,
脆皮香蕉卷,,,其他口味,,,
拆烩鲢鱼头,,,咸鲜味,,,
松鼠桂鱼,,,其他口味,,,
水八块,,,其他口味,,,
松鼠桂鱼,,,其他口味,,,
水八块,,,其他口味,,,
松鼠桂鱼,,,其他口味,,,
水八块,,,其他口味,,,
三鲜珍珠丸,,,其他口味,,,
红烧狼山鸡,,,其他口味,,,
三鲜珍珠丸,,,其他口味,,,
红烧狼山鸡,,,其他口味,,,
三鲜珍珠丸,,,其他口味,,,
红烧狼山鸡,,,其他口味,,,
菊叶玉板,,,其他口味,,,
虾仁猴头,,,其他口味,,,
菊叶玉板,,,其他口味,,,
虾仁猴头,,,其他口味,,,
菊叶玉板,,,其他口味,,,
虾仁猴头,,,其他口味,,,
夜来香氽鸡片,,,其他口味,,,
山鸡塌,,,其他口味,,,
夜来香氽鸡片,,,其他口味,,,
山鸡塌,,,其他口味,,,
夜来香氽鸡片,,初中水平,咸鲜味,,<10分钟,
山鸡塌,,初中水平,咸鲜味,,<60分钟,
脱壳鳜鱼,,,其他口味,,,
银丝长鱼,,,其他口味,,,
脱壳鳜鱼,,,其他口味,,,
银丝长鱼,,,其他口味,,,
脱壳鳜鱼,,初中水平,咸鲜味,,<60分钟,
银丝长鱼,,初级入门,咸鲜味,,<30分钟,
白煨脐门,,,其他口味,,,
叉烤鳜鱼,,,其他口味,,,
白煨脐门,,,其他口味,,,
叉烤鳜鱼,,,其他口味,,,
鸡丝虾仁龙凤腿,,,其他口味,,,
鸭血粉丝汤,,,家常味,,,
鸭血粉丝汤,,新手尝试,家常味,,<10分钟,
杏仁葛粉包,,,其他口味,,,
杏仁葛粉包,,初中水平,甜味,,<30分钟,
清炖狼山鸡,,,其他口味,,,
叉烤野鸡片,,,其他口味,,,
清炖狼山鸡,,初中水平,咸鲜味,,,
叉烤野鸡片,,,其他口味,,,
荷花白嫩鸡,,,其他口味,,,
荷花白嫩鸡,,初中水平,咸鲜味,,,
锅煎鳜鱼,,,其他口味,,,
鸡火鱼鲞,,,其他口味,,,
锅煎鳜鱼,,初中水平,咸鲜味,,<30分钟,
鸡火鱼鲞,,,其他口味,,,
芦姜炒鸡片,,,其他口味,,,
春笋白拌鸡,,,其他口味,,,
芦姜炒鸡片,,,其他口味,,,
春笋白拌鸡,,初级入门,咸鲜味,,<10分钟,
甫里鸭羹,,,其他口味,,,
网包鳜鱼,,,其他口味,,,
甫里鸭羹,,初中水平,咸鲜味,,<30分钟,
网包鳜鱼,,初中水平,咸鲜味,,<60分钟,
锅贴山鸡,,,其他口味,,,
圆盅炖鸡,,,其他口味,,,
锅贴山鸡,,,其他口味,,,
圆盅炖鸡,,,其他口味,,,
母油船鸭,,,其他口味,,,
麻花野鸡,,初中水平,咸鲜味,,<30分钟,
母油船鸭,,初中水平,咸鲜味,,<60分钟,
麻花野鸡,,,其他口味,,,
酥桔元,,初中水平,甜味,,<60分钟,
香炸云雾,,,其他口味,,,
熟抢虾仁,,,其他口味,,,
饼子野鸭,,,其他口味,,,
梁溪脆鳝,,,其他口味,,,
叉烤酥方,,初中水平,咸鲜味,,,
卤汁冬菇,,,其他口味,,,
三丝炒鸽松,,初中水平,咸鲜味,,<30分钟,
砂仁蒸猪腰,,,其他口味,,,
南林香鸭,,,其他口味,,,
龙井菊花回鱼,,,其他口味,,,
清汤琵琶虾,,,其他口味,,,
百花酒焖肉,,,其他口味,,,
烩鲫鱼舌头,,,其他口味,,,
白玉扣瑶柱,,,咸鲜味,,,
冻鸭,,,其他口味,,,
拌脆鳝,,,其他口味,,,
炖晌溲,,初中水平,咸鲜味,,,
莼菜氽塘鱼片,,初级入门,咸鲜味,,<30分钟,
拌鸡冠肚皮,,,其他口味,,,
无锡酱排,,,其他口味,,,
油焐脆皮鸭,,初中水平,咸鲜味,,,
红松鳜鱼,,初中水平,咸鲜味,,<30分钟,
香馓黄金贝,,,咸鲜味,,,
龙肝凤脑,,初中水平,咸鲜味,,<60分钟,
寿星水鱼,,,其他口味,,,
锡纸八宝回鱼,,,其他口味,,,
干菜肥鸭,,,其他口味,,,
纸包明虾,,,其他口味,,,
鸡瓜菜,,初级入门,咸鲜味,,<60分钟,
煮糟青鱼,,初级入门,咸鲜味,,<15分钟,
鸡汁煮干丝,,,其他口味,,,
还丝汤,,初级入门,咸鲜味,,<15分钟,
毛绒鸭黄,,,咸鲜味,,,
干烧四素,,,其他口味,,,
氽脊脑,,初级入门,咸鲜味,,<10分钟,
双色鸡粥,,,其他口味,,,
虾仁鳝背,,,其他口味,,,
瓜姜鱼丝,,,其他口味,,,
长寿菜,,,其他口味,,,
美人肝,,,其他口味,,,
三鲜鱼盒,,,其他口味,,,
腐皮烩鸡丁,,,其他口味,,,
蜜饯捶藕,,初中水平,甜味,,<90分钟,
玛瑙鸡片,,,其他口味,,,
烧生巧,,,其他口味,,,
大烧马鞍桥,,初中水平,咸鲜味,,<60分钟,
椒雪肉片,,,其他口味,,,
宁式蟮丝,,,其他口味,,,
红果拌梨丝,,,其他口味,,,
虫草炖甲鱼,,,其他口味,,,
冰糖枣方肉,,,其他口味,,,
彭城鱼丸,,初中水平,咸鲜味,,<30分钟,
冰糖排马面,,,其他口味,,,
琥珀莲子,,,其他口味,,,
酒凝金腿,,,其他口味,,,
炖菜核,,,其他口味,,,
贡淡炖鸭,,初中水平,咸鲜味,,<60分钟,
白酥鸡,,初中水平,咸鲜味,,<60分钟,
松鼠厥鱼,,,其他口味,,,
风蹄,,,其他口味,,,
泡糖蒜,,,蒜香味,,,
松子熏肉,,,其他口味,,,
鸡茸干贝,,初级入门,咸鲜味,,<30分钟,
百果玫瑰球,,,其他口味,,,
金陵烤鸭,,初中水平,咸鲜味,,<60分钟,
香芋烧竹鸡,,初级入门,咸鲜味,,<30分钟,
芙蓉青口贝,,,咸鲜味,,,
炸肉千,,,其他口味,,,
水晶虾饼,,,其他口味,,,
豆乳冻,,,其他口味,,,
气锅滑嫩丸子,,,其他口味,,,
红烧鲥鱼,,,其他口味,,,
清汤秃肺,,,其他口味,,,
蟹斗扣鲍脯,,,其他口味,,,
绿叶豆腐羹,,,咸鲜味,,,
刺猬圆子,,初中水平,咸鲜味,,<30分钟,
玛瑙鸭舌,,,其他口味,,,
生醉蟹油拌佛手海蜇皮,,,其他口味,,,
清炖鸡孚,,初级入门,咸鲜味,,<30分钟,
掌珠竹荪翅,,,其他口味,,,
眉炸梅卷,,,其他口味,,,
清炖硕鸭,,,其他口味,,,
五子蒸鸡,,,其他口味,,,
白炒刀鱼丝,,初级入门,咸鲜味,,<30分钟,
白烧四宝,,,其他口味,,,
白干煮三丝,,,其他口味,,,
蟹黄鱼面,,,其他口味,,,
大煮干丝,,新手尝试,家常味,,<15分钟,
清汤火方,,,其他口味,,,
锅烧野鸭,,,其他口味,,,
虫草鱼米,,,其他口味,,,
虾仁拉丝蛋,,,其他口味,,,
酸菜豆花汤,,,其他口味,,,
拆烩鱼头,,初中水平,咸鲜味,,<60分钟,
三鲜冰豆腐,,,其他口味,,,
米花鸡丁,,初级入门,咸鲜味,,<15分钟,
三套鸭,,,咸鲜味,,,
美炸眉卷,,,其他口味,,,
葫芦虾蟹,,,其他口味,,,
网油蚝豉,,,其他口味,,,
香菜梗炒肚丝,,,其他口味,,,
牡丹鲈鱼,,,其他口味,,,
金陵盐水鸭,,,其他口味,,,
枣方肉,,,其他口味,,,
清蒸鲥鱼,,,其他口味,,,
苏造肉,,,其他口味,,,
白扒猴头,,,其他口味,,,
油焖鲜笋,,,咸鲜味,,,
天下第一鲜,,,其他口味,,,
酒蒸全鸡汤,,,其他口味,,,
苕菜狮子头,,,其他口味,,,
酥炸桃仁,,,其他口味,,,
扒方肉,,,其他口味,,,
宁式鳝鱼,,,其他口味,,,
鸡茸玉米,,,其他口味,,,
香炸鹌鹑,,,其他口味,,,
杞子炖鹌鹑,,,其他口味,,,
文思豆腐,,,其他口味,,,
豆苗山鸡片,,初级入门,咸鲜味,,<15分钟,
糖醋小萝卜,,,酸甜味,,,
鲜蛏黄瓜萝卜泥,,,其他口味,,,
跳竹蛏,,,其他口味,,,
生炒鳝片,,,其他口味,,,
氽鸡蓉豌豆,,,其他口味,,,
大煮干丝,,,咸鲜味,,,
凤丝仙人掌,,,其他口味,,,
三椒魔芋啤酒鸡,,,其他口味,,,
千岛湖红烧鱼头,,,家常味,,,
无锡嫩子排,,,其他口味,,,
苏式熏鱼,,,其他口味,,,
冬瓜菊,,,其他口味,,,
酒风猪肝,,,其他口味,,,
瓜脯肉,,,其他口味,,,
芙蓉银鱼,,,其他口味,,,
清蒸鲩鱼,,,其他口味,,,
苏州西瓜鸡,,,其他口味,,,
醉蟹清炖鸡,,,其他口味,,,
蟹粉豆腐羹,,,其他口味,,,
家乡屈鸡,,,其他口味,,,
云腿鸽子汤,,,咸鲜味,,,
紫苏梅鸡,,,其他口味,,,
酱汁烤鳗,,,其他口味,,,
蚝油大鲍片,,,其他口味,,,
双色鸡块,,,其他口味,,,
鏊锅油鸡,,初中水平,咸鲜味,,<60分钟,
腐皮肉卷,,,其他口味,,,
脆皮卷,,,其他口味,,,
拆骨掌翅,,初中水平,咸鲜味,,<60分钟,
炒虾蟹,,初级入门,咸鲜味,,<15分钟,
早红桔酪鸡,,,其他口味,,,
渔家红薯条,,,其他口味,,,
元蹄焖乌参,,,其他口味,,,
松仁鸡米花,,,其他口味,,,
熟抢鳝鱼尾,,,其他口味,,,
黄泥煨鸡,,,其他口味,,,
桂花干贝,,,其他口味,,,
清炖兔子,,,其它口味,,,
香橙鸡盏,,,其他口味,,,
松鼠鳃鱼,,,其他口味,,,
蛙式黄鱼,,初中水平,咸鲜味,,<30分钟,
醉鹅掌,,,其他口味,,,
清汤金钱鱿鱼,,,其他口味,,,
冬瓜四灵,,,其他口味,,,
白鲞玉脂,,,咸鲜味,,,
红酒煨鸡翅,,,其它口味,,,
蟹肉扒翅,,,其他口味,,,
三宝芙蓉蛋,,,其他口味,,,
虎皮梳子肉,,,其他口味,,,
蓉海底松,,,其他口味,,,
三丝燕菜,,,其他口味,,,
素鳗,,,其他口味,,,
珊瑚桂鱼,,,其他口味,,,
鲜豆腐皮炒青蟹肉,,,其他口味,,,
挂炉烤鸭,,,其他口味,,,
雪花蟹斗,,,其他口味,,,
凤翼蒸花菇,,,其他口味,,,
一品鲜虾菜,,,其他口味,,,
冷冻鸭掌,,,其他口味,,,
荷叶鸡,,,其他口味,,,
镜箱豆腐,,,其他口味,,,
凉瓜河鲜虾,,,其他口味,,,
文思豆腐羹,,,其他口味,,,
荷叶粉蒸鸡,,,其他口味,,,
鸡油菜心,,,其他口味,,,
水晶肴肉,,,咸鲜味,,,
水晶肴蹄,,,其他口味,,,
蜜枣桂鱼,,,其他口味,,,
黄油焖乳鸽,,,其他口味,,,
凤裙争鲜,,,其他口味,,,
虾蟹菠萝,,,其他口味,,,
炒蟹粉,,,其他口味,,,
仙鹤望金桥,,,其他口味,,,
肉珠烩豌豆,,,咸鲜味,,,
宝箱豆腐,,,其他口味,,,
碧绿蹄筋,,,其他口味,,,
芙蓉海底,,,其他口味,,,
淮鱼干丝,,,其他口味,,,
兰花排骨,,,其他口味,,,
爆目鱼花,,,其他口味,,,
太湖脆鳝,,,其他口味,,,
烩虾仁,,,其他口味,,,
鱼羊鲜,,,其他口味,,,
清烩鲈鱼片,,初级入门,咸鲜味,,<30分钟,
白果芋泥,,,其他口味,,,
栗子焖羊肉,,,其他口味,,,
拔丝什锦山药,,,其他口味,,,
砂锅豆腐,,,咸鲜味,,,
双皮刀鱼,,,其他口味,,,
无锡肉骨头,,,其他口味,,,
黄焖鳗,,,其他口味,,,
盐水鸭,,,咸鲜味,,,
香辣砂锅豆腐,,初级入门,香辣味,,<15分钟,
金蒜银鱼蒸菜心,,,其他口味,,,
瓜仁西葫芦,,,其他口味,,,
黄焖着甲,,初级入门,咸鲜味,,<60分钟,
油爆虾,,初级入门,咸鲜味,,<15分钟,
葫芦虾蟹,,,其他口味,,,
藕粉圆子,,初中水平,甜味,,<60分钟,
羊方藏鱼,,,其他口味,,,
拆冻鲫鱼,,,其他口味,,,
百果玫瑰球,,,其他口味,,,
产妇食谱----温拌肉丝菠菜,,,其他口味,,,
五丁鱼圆,,初中水平,咸鲜味,,,
松鼠鳜鱼,,初中水平,酸甜味,,<60分钟,
腐皮肉卷,,,其他口味,,,
龙凤腿,,,其他口味,,,
拔丝楂糕,,初中水平,酸甜味,,<30分钟,
荷花集锦炖,,,其他口味,,,
酿杂烩,,,其他口味,,,
清蒸鲩鱼,,,其他口味,,,
三丝燕菜,,初级入门,咸鲜味,,<30分钟,
黄油两吃,,,其他口味,,,
炸禾花雀,,,其他口味,,,
全家富,,,其他口味,,,
火踵鱼翅,,,其他口味,,,
三套鸭,,初中水平,咸鲜味,,<90分钟,
孔雀黄焖鳗,,,其他口味,,,
玛瑙鸡片,,,其他口味,,,
寿星水鱼,,,其他口味,,,
大煮干丝,,,其它口味,,,
香炸金片,,,其他口味,,,
酿鲫鱼,,,其他口味,,,
白果桂花羹,,,其他口味,,,
虫草炖甲鱼,,,其他口味,,,
芙蓉银鱼,,,其他口味,,,
桂花干贝,,,其他口味,,,
太湖脆鳝,,,其他口味,,,
碧绿蹄筋,,,其他口味,,,
镇江肴肉,,,其他口味,,,
红烧栗子鸡,,,其他口味,,,
无锡肉骨头,,,其他口味,,,
叉烧鸭子,,,其他口味,,,
凤翼蒸花菇,,,其他口味,,,
南京盐水鸭,,,其他口味,,,
冷冻鸭掌,,,其他口味,,,
蟹肉扒翅,,,其他口味,,,
淡菜皱纹肉,,,其他口味,,,
黄焖鳗,,,其他口味,,,
元蹄焖乌参,,,其他口味,,,
一品鲜虾菜,,,其他口味,,,
油爆虾,,,咸鲜味,,,
虾仁莼菜汤,,,其他口味,,,
芙蓉海底,,,其他口味,,,
糖醋瓦块鱼,,,酸甜味,,,
炒蟹粉,,,其他口味,,,
翡翠鲍鱼,,,其他口味,,,
雪花蟹斗,,,其他口味,,,
龙须鱼面,,,其他口味,,,
松鼠鳃鱼,,,其他口味,,,
琥珀莲子,,初中水平,甜味,,,
鱼羊鲜,,,咸鲜味,,,
凤裙争鲜,,,其他口味,,,
鸡油菜心,,,其他口味,,,
夏果龙虾球,,,其他口味,,,
拔丝什锦山药,,,其他口味,,,
辣汁三文鱼,,,其他口味,,,
无锡嫩子排,,,其他口味,,,
纸包柠檬烤鱼,,,其他口味,,,
冬茸鱼片汤,,,其他口味,,,
豆沙凉糕,,,其他口味,,,
千岛湖红烧鱼头,,,其他口味,,,
腊味饭,,,其它口味,,,
豆面糕,,,其他口味,,,
梨花豆腐汤,,,其他口味,,,
酸菜豆花汤,,,其他口味,,,
肉碎豉椒炒豇豆,,,其他口味,,,
海带芽什蔬汤,,,其他口味,,,
黄油焖乳鸽,,,其他口味,,,
淮杞炖狮子头,,,其他口味,,,
青蒜爆鱿花,,,其他口味,,,
红烧海鲜参,,,酱香味,,,
鲜蛏黄瓜萝卜泥,,,其他口味,,,
滑炒蛤蜊马蹄,,,其他口味,,,
生煎杭椒,,,其他口味,,,
鳝鱼凉粉,,,其他口味,,,
金蒜银鱼蒸菜心,,,其他口味,,,
瓜仁西葫芦,,,其他口味,,,
泡菜肉酱拌豆腐,,,其他口味,,,
素鳗,,,其他口味,,,
红酒煨鸡翅,,,其它口味,,,
碧螺春水烧豆腐,,,咸鲜味,,,
苦瓜蒸仔鸡,,,苦香味,,,
咖喱鸡翅,,,咖喱味,,,
奶油烤菠萝什锦,,,其他口味,,,
椰香咖喱鸡,,,咖喱味,,,
荞麦面扒糕,,,其他口味,,,
枣香丝糕,,,其他口味,,,
芋头饺,,,其他口味,,,
蛤蜊浓汤面,,,其他口味,,,
凉瓜河鲜虾(图),,,其他口味,,,
自制代茶饮,,,其他口味,,,
醉蟹清炖鸡,,,其他口味,,,
松鼠厥鱼,,,其他口味,,,
炖菜核,,,其他口味,,,
蛋梅鸡,,初中水平,咸鲜味,,<60分钟,
鸡茸玉米,,,其他口味,,,
美人肝,,,其他口味,,,
芦姜炒鸡片,,,其他口味,,,
百花酒焖肉,,,其他口味,,,
桂花糖大栗1,,,其他口味,,,
将军过桥,,初中水平,咸鲜味,,<60分钟,
大烧马鞍桥,,,其他口味,,,
梁溪脆鳝,,,其他口味,,,
清炖鸡孚,,,其他口味,,,
荷花白嫩鸡,,,其他口味,,,
涟水鸡糕,,初中水平,咸鲜味,,<60分钟,
文思豆腐,,,其他口味,,,
炖菜核,,,其他口味,,,
水晶虾饼,,初中水平,咸鲜味,,<10分钟,
清炖鸡孚1,,,其他口味,,,
青鱼甩水,,,其他口味,,,
红烧沙光鱼,,初中水平,其他口味,,<30分钟,
盐水虾,,,咸鲜味,,,
香芋烧竹鸡,,,其他口味,,,
金陵盐水鸭,,,其他口味,,,
清汤琵琶虾,,,其他口味,,,
红果拌梨丝,,,其他口味,,,
双皮刀鱼,,,其他口味,,,
炒鸡脑,,,其他口味,,,
肴肉,,,其他口味,,,
母油船鸭,,,其他口味,,,
冻鸭1,,,其他口味,,,
金陵圆子,,,咸鲜味,,,
野鸭菜饭,,初中水平,咸鲜味,,,
白鲞玉脂,,,咸鲜味,,,
红炖腐皮鸭,,,其他口味,,,
蒸三片,,,其他口味,,,
魔芋炖鸡肉,,,其他口味,,,
小笼汤包,,,咸鲜味,,,
鱼头冻豆腐,,,其他口味,,,
秘制肉骨煲,,,其他口味,,,
炝蛏鼻,,,其他口味,,,
三丝鱼卷,,初级入门,咸鲜味,,<30分钟,
豆茸酿枇杷,,初中水平,甜味,,<60分钟,
水晶肴肉,,中级掌勺,咸鲜味,,,
糖醋黄河鲤鱼,,初中水平,酸甜味,,<30分钟,
